customer_id,customer_name,city,country
CUST0000,"Conner, Johnson and Caldwell",Lake Michelle,Indonesia
CUST0001,"Stewart, Daniels and Wood",Jacquelineton,Bolivia
CUST0002,Walsh LLC,New Gregorybury,Switzerland
CUST0003,"Barron, Johnson and Johnson",North Patrickville,Lebanon
CUST0004,"Lee, Lynch and Meyer",Dawnchester,Hungary
CUST0005,"Molina, Walker and Fritz",Port Pamelaville,Zimbabwe
CUST0006,"Scott, Myers and Morris",North Melanie,Ghana
CUST0007,Roberts and Sons,Port Samanthamouth,India
CUST0008,Goodman Ltd,Myersstad,Brunei Darussalam
CUST0009,"Clark, Ramirez and Fox",West Jackie,Libyan Arab Jamahiriya
CUST0010,Jones PLC,Taylorberg,Papua New Guinea
CUST0011,Hampton and Sons,Solomonfurt,Zimbabwe
CUST0012,"Ferguson, Novak and Thompson",Brianshire,Jamaica
CUST0013,Arnold Group,Christopherville,Belgium
CUST0014,Hicks LLC,Lake William,Estonia
CUST0015,"Huynh, Schneider and Jensen",East Kristinport,Croatia
CUST0016,Johnson Group,East Kathleen,Nepal
CUST0017,Christian-Bush,Juliaville,Reunion
CUST0018,Smith-Nichols,North Austinview,Vanuatu
CUST0019,"Salinas, Marquez and Scott",Alejandraside,Mexico
CUST0020,"Williams, Zimmerman and Mcdonald",Lake Robert,Saint Vincent and the Grenadines
CUST0021,Fuentes Inc,Lake Ronnie,Uganda
CUST0022,"Wyatt, Williams and Braun",Heathertown,Korea
CUST0023,Shepard and Sons,Parsonshaven,Gambia
CUST0024,"Cobb, Harrison and Anthony",Prattbury,Saint Pierre and Miquelon
CUST0025,Welch Ltd,New Michaelside,North Macedonia
CUST0026,"Curry, Bryant and Ware",West Jessicamouth,Netherlands Antilles
CUST0027,"Fisher, Carter and Ryan",Angelaburgh,Montserrat
CUST0028,"Pennington, Jefferson and Cole",Knightside,Finland
CUST0029,"Blair, Pham and Hart",Ryanton,Palestinian Territory
CUST0030,Richmond-Fuller,Peggyton,Israel
CUST0031,"Holland, Weaver and Carson",New Melanie,Croatia
CUST0032,Ellis-Roach,East Stephaniefurt,San Marino
CUST0033,Thompson Group,Ginahaven,Nicaragua
CUST0034,Sellers-Foster,Watkinsbury,Ireland
CUST0035,Harmon-Cooke,West Randyview,Micronesia
CUST0036,"Swanson, Nunez and Sullivan",East Kelly,Togo
CUST0037,Logan-Baxter,Stephenborough,Pitcairn Islands
CUST0038,"Thompson, Lopez and Smith",Port Candicechester,Tonga
CUST0039,Baxter Inc,North Nicholas,Madagascar
CUST0040,Murphy-Wilson,Caseyshire,San Marino
CUST0041,Garner-Pittman,Jacquelineview,Singapore
CUST0042,"Lawrence, Wu and Barnes",East Melissashire,Finland
CUST0043,Montgomery-Davis,New Andrew,Palestinian Territory
CUST0044,Smith Group,Julieland,Maldives
CUST0045,Wright-Bradshaw,Port Stephen,Christmas Island
CUST0046,Price LLC,South Troy,Cocos (Keeling) Islands
CUST0047,Conley-Richards,North Michael,Portugal
CUST0048,Gardner and Sons,Barneston,Belarus
CUST0049,Rojas-Allen,Sharonside,French Guiana
CUST0050,Williams-Herman,Lake Cynthiaborough,Gibraltar
CUST0051,"Rojas, Bryant and Wilson",New Martinbury,Saint Martin
CUST0052,Miller-Hunter,Peterborough,Gambia
CUST0053,Sparks-Patrick,Lake Alicia,American Samoa
CUST0054,"Sanchez, King and Guerra",North Alejandro,Bahrain
CUST0055,Knight-Banks,Jasonborough,Bhutan
CUST0056,Mitchell-Foster,Lake Ryan,Nepal
CUST0057,"Mcconnell, Hernandez and Haynes",Mackport,Suriname
CUST0058,"Hodge, Hall and Adams",South William,Mozambique
CUST0059,"Osborne, Hartman and Cobb",Jessicaton,Venezuela
CUST0060,Cox-Perez,East Molly,Guyana
CUST0061,Leonard Ltd,Humphreystad,Maldives
CUST0062,Cox Group,South Michaelbury,Cayman Islands
CUST0063,Robinson-Beasley,South Debra,Djibouti
CUST0064,"Landry, Lee and Garrett",Port Pamela,Vanuatu
CUST0065,"Martinez, Patel and Evans",Elizabethburgh,Cocos (Keeling) Islands
CUST0066,"Rose, Long and Thomas",North Andrew,Tonga
CUST0067,"Garcia, Jackson and Perez",Port Jasonborough,Peru
CUST0068,Cunningham-Clayton,Bellbury,Tokelau
CUST0069,Walker LLC,East Jon,Nauru
CUST0070,Gallegos-Burnett,Michelleside,Kenya
CUST0071,Carter-Lee,Kimberlymouth,Hong Kong
CUST0072,"Palmer, Grimes and Garcia",Kristenhaven,Maldives
CUST0073,Shea Group,South Allison,Togo
CUST0074,Daugherty-Holmes,Lake Kimberlymouth,Tuvalu
CUST0075,"Powell, Steele and Reid",East Tracy,Burundi
CUST0076,Gonzalez LLC,North Zachary,Tuvalu
CUST0077,Lewis Inc,Port Javierville,French Guiana
CUST0078,"Williams, Cox and Fernandez",Lake Robertview,Gambia
CUST0079,"Ortiz, Davila and Good",West Natalietown,Taiwan
CUST0080,Garza and Sons,Melissaborough,Kenya
CUST0081,Sullivan-Odom,North Brian,Ecuador
CUST0082,Webb Group,Christyton,Yemen
CUST0083,Taylor-Rodriguez,Port Tristanside,Serbia
CUST0084,"Wiley, Gonzalez and Rivas",North Markfort,Gibraltar
CUST0085,Williams-Reeves,Port Bradleyberg,Japan
CUST0086,"Lewis, Phillips and Roberts",Charlottebury,Falkland Islands (Malvinas)
CUST0087,Gutierrez-Montoya,Michaelborough,China
CUST0088,Adams-Delgado,North Susan,Bermuda
CUST0089,Palmer Inc,Lake Christopher,Malawi
CUST0090,Smith-Gomez,Harveybury,Turkmenistan
CUST0091,"Lee, Gordon and Meyers",Lake Elizabethfurt,Ethiopia
CUST0092,Sanders-Mullen,North Alicia,Turkmenistan
CUST0093,Velasquez Group,Lake Stacyfurt,Somalia
CUST0094,Martinez Ltd,Lake Brandonhaven,Anguilla
CUST0095,Rosales-Dixon,Alejandromouth,Jersey
CUST0096,Fritz-Fox,Samuelville,Georgia
CUST0097,Moyer PLC,South Paul,British Virgin Islands
CUST0098,Gordon-Middleton,Kathleenton,Montenegro
CUST0099,Hoffman-Butler,Port Jeffrey,French Guiana
CUST0100,"Walker, Simmons and Lin",Stewartberg,Egypt
CUST0101,"Chambers, Johnson and Leon",Michelleshire,New Caledonia
CUST0102,"Dillon, Brown and Turner",Keithtown,Botswana
CUST0103,"Hernandez, Nixon and King",South Gabrielton,Jamaica
CUST0104,Thomas-Roberts,Port Katrinachester,Germany
CUST0105,"Murray, Smith and James",West Austinborough,Chad
CUST0106,Jones Inc,East George,Aruba
CUST0107,"Nixon, Clark and Smith",Christinechester,Martinique
CUST0108,Rodriguez-Whitney,Loristad,Nauru
CUST0109,Barker-Newman,West Julia,Equatorial Guinea
CUST0110,"Taylor, Hooper and Sutton",New Hollystad,Libyan Arab Jamahiriya
CUST0111,Robinson LLC,Paulaport,Spain
CUST0112,"Johnson, Smith and Ingram",Robertstown,Congo
CUST0113,Butler-Ryan,Port John,Qatar
CUST0114,Cameron-Boyle,Lake Jerry,Saint Helena
CUST0115,Harding Group,North Gabrielashire,Gabon
CUST0116,"Hogan, Thomas and Hart",New Dianeborough,Norway
CUST0117,Long-Washington,Valeriemouth,Singapore
CUST0118,Gray and Sons,Murillofurt,Seychelles
CUST0119,"Reed, Short and Campbell",Lake Brian,Svalbard & Jan Mayen Islands
CUST0120,Owens LLC,Hillhaven,Aruba
CUST0121,Anderson LLC,Lopezland,Denmark
CUST0122,"Greer, Delacruz and Wood",Huffbury,Guinea
CUST0123,Johnson-Dodson,Franklinburgh,El Salvador
CUST0124,"Baldwin, Williams and Pacheco",Walkerstad,Tonga
CUST0125,"Contreras, Padilla and Eaton",Joefurt,Western Sahara
CUST0126,Andrade and Sons,Carolynton,Madagascar
CUST0127,Lopez Ltd,Kathrynberg,United Arab Emirates
CUST0128,Harris Ltd,Lake Elizabeth,Reunion
CUST0129,"Powers, Gibbs and Saunders",East Linda,Saint Barthelemy
CUST0130,Spencer Group,Port James,French Polynesia
CUST0131,"Cisneros, Allen and Chavez",Coopermouth,Christmas Island
CUST0132,Ramsey Inc,Port Ryanmouth,Micronesia
CUST0133,Preston Group,Aaronport,Eritrea
CUST0134,Terry Ltd,Garrettport,Afghanistan
CUST0135,"Barrett, Gomez and Bryant",Mayshaven,Mauritania
CUST0136,"Roberts, Bailey and Davis",Walshborough,Romania
CUST0137,Davis PLC,East Danielle,Saudi Arabia
CUST0138,Simmons PLC,Geraldview,Australia
CUST0139,Thomas-Clark,Port Lanceside,Comoros
CUST0140,Davis-Adams,Jessicatown,Gabon
CUST0141,"Gibbs, Graves and Donaldson",Lake Robert,Guinea
CUST0142,Vega-Nguyen,Lake Carlosland,Bulgaria
CUST0143,"Francis, Howe and Ross",New Frank,Aruba
CUST0144,Velazquez-Webb,Vazquezstad,Peru
CUST0145,Gomez Inc,Douglaschester,Mozambique
CUST0146,Davis-Williams,Port Julia,Falkland Islands (Malvinas)
CUST0147,Cruz-Miller,Ashleyshire,Wallis and Futuna
CUST0148,Davidson Group,Port Jasonmouth,Saint Kitts and Nevis
CUST0149,"Gomez, Nichols and Smith",New Marcus,Azerbaijan
CUST0150,Wheeler-Price,Toddfurt,Tanzania
CUST0151,"Stewart, Glover and Perry",North Crystalport,Georgia
CUST0152,Evans-Levy,Lake Luis,Sweden
CUST0153,Thomas and Sons,North Adam,United States of America
CUST0154,Austin Group,Nicholaston,Singapore
CUST0155,"Garcia, Newman and Rodriguez",North Cheryl,Gambia
CUST0156,Baldwin Group,Jenniferport,Ecuador
CUST0157,Montgomery-Cochran,Antoniofurt,Bouvet Island (Bouvetoya)
CUST0158,Vincent and Sons,West Aprilfurt,Mauritania
CUST0159,Hammond-Wright,Smithfurt,Russian Federation
CUST0160,Thomas Ltd,Georgeburgh,Togo
CUST0161,"Gibson, Collins and Schroeder",South Erin,South Georgia and the South Sandwich Islands
CUST0162,"Miller, Thomas and Lee",Coopershire,Faroe Islands
CUST0163,Bell LLC,South Gregoryberg,Svalbard & Jan Mayen Islands
CUST0164,Henry-Mccoy,Lake Michellemouth,Germany
CUST0165,Davis Inc,Laurieton,Cuba
CUST0166,Lewis LLC,Hintonberg,Switzerland
CUST0167,Bauer and Sons,Port Nicholas,Tuvalu
CUST0168,Carlson PLC,West Jared,Sudan
CUST0169,"Ellis, Parker and Gordon",Port Paul,Croatia
CUST0170,"Noble, Smith and Edwards",East Brandyshire,Guadeloupe
CUST0171,Long-Banks,Cooperfort,United States Minor Outlying Islands
CUST0172,"Martin, Burns and Jackson",Foleystad,French Southern Territories
CUST0173,Mann LLC,Jaclynshire,Sweden
CUST0174,Martin-Gardner,Lisafurt,Tonga
CUST0175,"Dunn, Ramirez and Beasley",South Michaelview,Burundi
CUST0176,Gallegos-Buchanan,Schaeferburgh,Greenland
CUST0177,"Mcintyre, Greene and Carter",North Kerriburgh,Trinidad and Tobago
CUST0178,Ryan Group,North Larry,Tajikistan
CUST0179,Casey PLC,West Josephside,Cote d'Ivoire
CUST0180,"Malone, Rivera and Weaver",Lake Jessicaborough,Equatorial Guinea
CUST0181,"Simpson, Beck and Moore",Matthewhaven,Yemen
CUST0182,"Jenkins, Mendez and Carlson",New Vincent,United States Virgin Islands
CUST0183,Nichols LLC,East Annstad,Cook Islands
CUST0184,"Carter, King and Murphy",Port Rebecca,Grenada
CUST0185,Osborne-Barr,Arnoldchester,Northern Mariana Islands
CUST0186,Sanchez-Morris,Port Sandra,Congo
CUST0187,Herring-Turner,Port Shannonstad,Congo
CUST0188,Rush-Ryan,Evelynstad,Sri Lanka
CUST0189,"Bailey, Tran and Dudley",North Sophia,Turkmenistan
CUST0190,Beasley-David,Paynefort,United Arab Emirates
CUST0191,"Sanchez, Padilla and Wilson",West Sarahshire,Zimbabwe
CUST0192,"Rodriguez, Johns and Mccarthy",Keithborough,Lao People's Democratic Republic
CUST0193,"Mitchell, Thompson and Vasquez",West David,Mauritius
CUST0194,Davenport-Harrison,Katiemouth,Romania
CUST0195,Gross and Sons,Lake Manueltown,United Kingdom
CUST0196,Robinson PLC,South Dawnville,Paraguay
CUST0197,"Johnson, Golden and Davis",Lake Patrick,United Kingdom
CUST0198,Davis Group,West Scott,Vietnam
CUST0199,"Wilkins, Chavez and Wade",Port Alicia,Malta
CUST0200,"Sanders, Sanchez and Schultz",Jeremyville,Brazil
CUST0201,Hahn Ltd,Rickytown,Gabon
CUST0202,Curry-Miller,Port Carlmouth,Mauritania
CUST0203,Patton Group,West Jefferyville,Paraguay
CUST0204,Martinez Ltd,Kathleenhaven,El Salvador
CUST0205,"Williams, Kemp and Page",West Christine,Sao Tome and Principe
CUST0206,"Baker, Young and Allen",Lake Lisa,Brazil
CUST0207,Hernandez Ltd,Lake Matthewland,Saudi Arabia
CUST0208,Perkins Group,Maysside,Afghanistan
CUST0209,Higgins LLC,Dudleyberg,Belgium
CUST0210,Serrano-Brown,Karenton,Cambodia
CUST0211,Aguilar PLC,Castilloside,Aruba
CUST0212,"Gardner, Bell and Thompson",Cookbury,Israel
CUST0213,Smith-Beck,Michaelport,North Macedonia
CUST0214,"Wallace, Hill and Gray",Lake Amanda,Montenegro
CUST0215,Shannon LLC,Lake Gerald,Guadeloupe
CUST0216,Smith PLC,Port Bryanville,Mali
CUST0217,Summers PLC,Michaelfurt,Burundi
CUST0218,"Sampson, Flores and Lopez",Port Penny,Iceland
CUST0219,Velasquez-Lewis,Lanestad,Qatar
CUST0220,Cook PLC,Hallview,New Zealand
CUST0221,Rodriguez Group,Amandaview,Cuba
CUST0222,Rojas Group,New Bryanmouth,Palau
CUST0223,Bishop-Spence,Clinestad,Somalia
CUST0224,"Anderson, Meyers and Ellis",Elizabethborough,Ghana
CUST0225,Marshall-Bennett,North Lee,Kenya
CUST0226,"Walker, Stevenson and Rodriguez",Parkerbury,Congo
CUST0227,"Green, Lowe and Martin",Port Isaac,Mayotte
CUST0228,Smith-Martin,Brownland,Kyrgyz Republic
CUST0229,Garcia Inc,New Cameron,Mongolia
CUST0230,"Walker, Hill and Santiago",Lake Thomas,Palau
CUST0231,Anderson-Hendricks,North Kevinbury,Macao
CUST0232,"King, Coleman and Walters",Markburgh,Yemen
CUST0233,Roberts-Wells,New Vanessa,Cyprus
CUST0234,Webb and Sons,East Justin,Taiwan
CUST0235,Mcdonald-Nolan,Collinsstad,Niger
CUST0236,White-Chan,West Andrew,Puerto Rico
CUST0237,Robinson-Graham,West Nicholas,Mexico
CUST0238,"Mcfarland, Green and Ayers",Gonzalezfurt,Lithuania
CUST0239,Norton and Sons,South Benjaminburgh,Botswana
CUST0240,"Ellis, Tucker and Dunn",Philipfort,Croatia
CUST0241,Brooks-Turner,Stantonborough,Heard Island and McDonald Islands
CUST0242,Pierce Group,Juarezland,Liberia
CUST0243,Salazar and Sons,New Nichole,Latvia
CUST0244,"Morgan, Odom and Clark",Timothyville,Mauritania
CUST0245,Lopez-Dunn,East Nicolemouth,Solomon Islands
CUST0246,Hall-Landry,Lindaton,Montenegro
CUST0247,"Smith, Watts and Hill",South Dalton,Montenegro
CUST0248,"Wong, Huff and Nguyen",Mauriceberg,El Salvador
CUST0249,"Levy, Patterson and Kim",Port Shawn,British Virgin Islands
CUST0250,Hayes-French,South Holly,Sao Tome and Principe
CUST0251,Weiss-Peters,Amyton,Russian Federation
CUST0252,Harrington Inc,Carolynburgh,Hong Kong
CUST0253,"Coleman, Brooks and Reed",East Johnberg,Vanuatu
CUST0254,Green-Lang,South William,Liberia
CUST0255,"Olson, Henderson and Melton",East Kevin,Jordan
CUST0256,Jackson-Bailey,North Timothyport,Zambia
CUST0257,Kennedy LLC,Jennafort,Angola
CUST0258,Castro and Sons,East Keithfurt,Qatar
CUST0259,"Humphrey, Buchanan and Stewart",Jasonton,Israel
CUST0260,Dixon LLC,Mooreport,Congo
CUST0261,Mitchell Inc,West Kennethstad,Zambia
CUST0262,"Mclean, Jimenez and Bradley",West Brianport,Greece
CUST0263,Ochoa LLC,West Robertoshire,Kuwait
CUST0264,Hendrix-Murphy,South Julieside,Sweden
CUST0265,"Novak, Molina and Baker",West Danielleland,Afghanistan
CUST0266,"Miller, Lee and Williams",Lake Shannonview,Jamaica
CUST0267,"Johnson, Anderson and Anderson",North Joseph,Hong Kong
CUST0268,Nelson-Moore,Port Christian,Guinea-Bissau
CUST0269,"Tucker, Vaughn and Little",Lake Sarahberg,Antigua and Barbuda
CUST0270,Compton PLC,East Pamelaland,Saint Kitts and Nevis
CUST0271,Nelson-Franklin,Lake Johnland,Comoros
CUST0272,Perez-Bennett,Lake Kimberly,Argentina
CUST0273,Cortez PLC,Lake Matthewstad,Bermuda
CUST0274,"Campbell, Delgado and Johnson",South Richard,Czech Republic
CUST0275,Arnold-Medina,Lopezstad,Benin
CUST0276,Lopez Inc,East Richard,Mauritania
CUST0277,"Mendoza, Hill and Martinez",Taylorburgh,Kiribati
CUST0278,Lowe-Rice,New Barbara,Bangladesh
CUST0279,Rodriguez Group,Kimberlyhaven,Togo
CUST0280,"Ferguson, Weaver and Walker",Webbmouth,Taiwan
CUST0281,Hunter Ltd,Hollytown,Faroe Islands
CUST0282,Murphy PLC,Craigfort,Cape Verde
CUST0283,Huff-Hale,Christopherview,Cook Islands
CUST0284,Castillo LLC,New Jeffrey,Benin
CUST0285,Sims Group,Lake Natasha,Peru
CUST0286,Nolan-Hernandez,New Bailey,Greenland
CUST0287,Allen-Holden,East Jasonburgh,Lesotho
CUST0288,Wang-Jimenez,Danielside,Saudi Arabia
CUST0289,Shepard-Schultz,Lake Ericfort,Lesotho
CUST0290,Parker-Mullins,South Bryanmouth,Costa Rica
CUST0291,Rasmussen-Castro,Taylorhaven,Saint Martin
CUST0292,Turner-Anderson,New Michael,United States Minor Outlying Islands
CUST0293,"Burnett, Mcdowell and Vazquez",Schmidtborough,Gabon
CUST0294,Peters and Sons,Port Michaelhaven,Macao
CUST0295,Silva LLC,Rossburgh,Uruguay
CUST0296,Gonzalez Group,Lake Frank,Slovenia
CUST0297,Jackson-Morris,Timothyberg,Marshall Islands
CUST0298,"Warren, Jensen and Stanton",Kelseymouth,Kiribati
CUST0299,Davila-Davis,Port Williamport,Haiti
CUST0300,Wright Group,Port Jenniferborough,Lithuania
CUST0301,Richardson-Dean,Watsonport,Mayotte
CUST0302,Saunders PLC,Port Susan,French Southern Territories
CUST0303,"Kelly, Weaver and Brown",Lake Sheila,Uruguay
CUST0304,James-Mercado,Myersstad,American Samoa
CUST0305,Owens-Smith,South Brent,Bahrain
CUST0306,"Reyes, Harrington and Morales",Lake Lori,Mayotte
CUST0307,Baird LLC,Carlsonmouth,Nauru
CUST0308,Davis and Sons,Lake Brendatown,Falkland Islands (Malvinas)
CUST0309,Long-Simpson,Wellsmouth,Micronesia
CUST0310,Wilson-Harris,Bakerville,Bermuda
CUST0311,Ellison and Sons,North Chelseamouth,Austria
CUST0312,Dawson-Bowers,Lake Stevenbury,Ireland
CUST0313,Flores-Lawrence,Richardville,Bahrain
CUST0314,Walker and Sons,Lake Jill,Falkland Islands (Malvinas)
CUST0315,Carlson-Maddox,Sanchezburgh,Paraguay
CUST0316,Burke Ltd,Richardton,Papua New Guinea
CUST0317,Mercer-Arroyo,New Anna,Saint Helena
CUST0318,"Bates, Grant and Mccarty",West Maryton,Moldova
CUST0319,"Wagner, Reyes and Sutton",Ortegatown,Lebanon
CUST0320,Allen-Garcia,Port Jennifer,Mongolia
CUST0321,Fletcher and Sons,South Christopher,South Georgia and the South Sandwich Islands
CUST0322,"Mathews, Weaver and Collins",Bakermouth,South Africa
CUST0323,Rojas Group,South Dawnberg,Peru
CUST0324,"Hunter, Benson and Paul",Phillipstown,British Virgin Islands
CUST0325,Lawson-Lawson,Elizabethshire,Iraq
CUST0326,Osborn LLC,Mathewland,Poland
CUST0327,Johnson LLC,Ronaldshire,Tokelau
CUST0328,Davidson Inc,Harristown,Eritrea
CUST0329,Castillo Group,Amandachester,Nicaragua
CUST0330,Suarez-Williams,New Jorge,Fiji
CUST0331,"Moore, Miller and Joyce",Lake Megan,Spain
CUST0332,"Moore, Smith and Peck",West Perryland,Burundi
CUST0333,Miller LLC,Bradleyburgh,Netherlands
CUST0334,Love-Singh,North Dwayne,Turkey
CUST0335,Cisneros Ltd,East Kayla,Nepal
CUST0336,Brown-Baker,North Mariahfurt,Martinique
CUST0337,Barker-Lucas,Michaelfurt,Sri Lanka
CUST0338,Morgan PLC,Sabrinaberg,American Samoa
CUST0339,"Morris, Norris and Moore",New Evelyn,Spain
CUST0340,"Chavez, Alexander and Lopez",East Elizabeth,Sweden
CUST0341,Hoffman Inc,Whitechester,Antarctica (the territory South of 60 deg S)
CUST0342,White-Manning,West Suzanne,Paraguay
CUST0343,Gibson-Gordon,Port Emily,Saint Helena
CUST0344,"Duarte, Pope and Perez",Hernandezshire,Italy
CUST0345,Holt PLC,East Victoriaport,Sierra Leone
CUST0346,Bell LLC,Port Scottport,Argentina
CUST0347,"Fernandez, Shelton and Strong",Martinland,Guinea
CUST0348,Norris-Church,Joshuafort,United States Virgin Islands
CUST0349,Williams-Henderson,Navarroburgh,Korea
CUST0350,Blake Ltd,Williamville,Armenia
CUST0351,Morales-Hill,Sarahshire,Cuba
CUST0352,Chandler LLC,Singhborough,Western Sahara
CUST0353,Bailey Ltd,New Ericmouth,Algeria
CUST0354,Payne-Larson,East Michaelland,Spain
CUST0355,Brooks-Huff,Mitchellfurt,Greece
CUST0356,Fernandez and Sons,Lake Derrick,Rwanda
CUST0357,Lucero LLC,Salasbury,Panama
CUST0358,Young-Estrada,Bairdfort,Fiji
CUST0359,May LLC,Wilsonburgh,Micronesia
CUST0360,Garrison-Parker,North Michaelland,Mozambique
CUST0361,"Wilson, Le and Blair",Nicholasmouth,North Macedonia
CUST0362,Baker-Espinoza,Santiagoland,United States Minor Outlying Islands
CUST0363,Smith-Matthews,Carneyfurt,Bangladesh
CUST0364,"Ryan, Tucker and Martinez",Peckhaven,Paraguay
CUST0365,Baker-Baker,Mortonmouth,Tunisia
CUST0366,"Parsons, Baker and Johnson",Audreyburgh,Vanuatu
CUST0367,"Lopez, Mason and Martinez",New Juanland,Armenia
CUST0368,"Harper, Diaz and Wise",Fullerburgh,Iraq
CUST0369,Khan-Brown,Johnhaven,United States of America
CUST0370,Lee LLC,West Alexland,Cyprus
CUST0371,Murray PLC,Brooksville,Hong Kong
CUST0372,"Sanchez, Jones and Lyons",New Chelseabury,Turks and Caicos Islands
CUST0373,Brown-Lewis,Blanchardport,Malawi
CUST0374,"Jones, Marquez and Lester",Mccormickland,Macao
CUST0375,Johnson-Chapman,West Michelleview,Guinea
CUST0376,Moore-Salazar,South Randyfurt,El Salvador
CUST0377,"Johnson, Gonzales and Murray",Hopkinsfurt,Turks and Caicos Islands
CUST0378,Lee Inc,Emilymouth,Estonia
CUST0379,Johnson-Richardson,Jeffreymouth,Fiji
CUST0380,Mitchell-Michael,Hartmanmouth,Indonesia
CUST0381,"Walker, Molina and Lopez",Gillespiehaven,Gibraltar
CUST0382,Anderson-Estrada,Lake Andreachester,Moldova
CUST0383,"Baker, Rodgers and Taylor",New Jennifer,Belize
CUST0384,Sanchez Group,North Meganstad,French Southern Territories
CUST0385,Lloyd-Donaldson,South Stephanie,New Zealand
CUST0386,"Mcbride, Jackson and Roberts",North Natasha,Equatorial Guinea
CUST0387,Mills PLC,East Stephanie,Saint Lucia
CUST0388,Flores and Sons,Johnbury,Swaziland
CUST0389,Davis-Wood,Nicoleville,Tanzania
CUST0390,"Barr, Howell and Scott",New Jorge,Niger
CUST0391,"Chandler, Garrett and Stark",Dudleyberg,Saint Helena
CUST0392,Kelly-Anderson,South Charlesbury,San Marino
CUST0393,Donaldson-Hernandez,Cindyville,Cuba
CUST0394,"Kirby, Erickson and Weber",Mccoyville,Finland
CUST0395,"Carter, Young and Sloan",Port Davidview,Croatia
CUST0396,"Pierce, Hill and Lopez",West Chelsea,Japan
CUST0397,Acosta-Evans,Higginsbury,Macao
CUST0398,Cunningham Group,Petersmouth,Cameroon
CUST0399,Shaw Ltd,Spencerborough,Romania
CUST0400,"Dodson, Thornton and Rowland",Meganfurt,Timor-Leste
CUST0401,Gardner PLC,Lake Julieport,Sudan
CUST0402,Perkins and Sons,North Rachelmouth,Tajikistan
CUST0403,"Lee, White and Freeman",Port Ericborough,Austria
CUST0404,Miller-Hopkins,North Keithview,Algeria
CUST0405,Cook-Bowen,Shaneville,Afghanistan
CUST0406,Bell LLC,East Danielle,Chad
CUST0407,Davis-Thompson,Carrollport,Philippines
CUST0408,"Chung, Malone and Harrison",East Donna,Mauritius
CUST0409,Costa Group,Timothymouth,Cayman Islands
CUST0410,Turner PLC,South Jeffery,Russian Federation
CUST0411,Walker Ltd,Johnberg,Martinique
CUST0412,Andrade Ltd,New Andrew,Mauritania
CUST0413,"Petersen, Anderson and Wilson",Cruzmouth,Armenia
CUST0414,Conner-White,Aliciaborough,Korea
CUST0415,Parker-Schneider,Ramirezton,Ireland
CUST0416,Ferguson-Harris,Henrybury,Iceland
CUST0417,"Jones, Williams and Jensen",Sarahfort,Malawi
CUST0418,"Mendoza, Pierce and Watts",South Nathan,Liberia
CUST0419,Macias-Ryan,Port Amber,Uganda
CUST0420,Gardner-Freeman,Lisamouth,Honduras
CUST0421,Johnson Ltd,South Ronaldshire,Bermuda
CUST0422,"Butler, Wells and Mack",Christinabury,Saint Lucia
CUST0423,Morrow-Rivera,Carlport,Central African Republic
CUST0424,"Maxwell, Hernandez and Stone",Elizabethburgh,Saint Barthelemy
CUST0425,"Bell, Price and Reed",Rachelburgh,Korea
CUST0426,"Howard, Franklin and Ramirez",Leland,Netherlands Antilles
CUST0427,Oconnell LLC,Zimmermanburgh,Antigua and Barbuda
CUST0428,"Mathis, Robertson and Mcclure",Dominguezville,Antarctica (the territory South of 60 deg S)
CUST0429,Stanley-Johnson,North Jeffrey,Saint Helena
CUST0430,Moody-Cook,Mcknightmouth,Sao Tome and Principe
CUST0431,Boyd-Rios,New Jennifer,Togo
CUST0432,Reyes LLC,West Andrea,San Marino
CUST0433,Palmer Ltd,South Gary,Belgium
CUST0434,Owens-Scott,Richardfurt,Burundi
CUST0435,Fuentes Ltd,Sabrinaside,Gibraltar
CUST0436,"Jackson, Evans and Ferguson",Kimhaven,Lao People's Democratic Republic
CUST0437,Hinton-Holden,Lake Samuelstad,United States Minor Outlying Islands
CUST0438,Smith-Barber,East Colleenshire,Niue
CUST0439,Wilson-Cox,South Patrickburgh,Cocos (Keeling) Islands
CUST0440,"Mack, Johnson and Smith",New Christopher,Cameroon
CUST0441,Rosales-Khan,Eatonborough,Micronesia
CUST0442,"Mann, Murphy and Clark",Lake Elizabeth,Zambia
CUST0443,Peterson-Watson,New Wayne,Vanuatu
CUST0444,Barton Ltd,Kristenside,United Arab Emirates
CUST0445,Harrell Group,Tanyaberg,Guadeloupe
CUST0446,Rangel-Burns,Annafort,Cambodia
CUST0447,Potter-Donaldson,East Eric,Antarctica (the territory South of 60 deg S)
CUST0448,"Ochoa, Davis and Olson",Mccormickshire,Micronesia
CUST0449,"Brewer, Eaton and Wilson",Warrenberg,Christmas Island
CUST0450,"Jacobs, Holt and Hunter",West Elizabethfort,Serbia
CUST0451,"Brown, Ford and Estrada",West Davidborough,Macao
CUST0452,Watson-Scott,Lake Jeffreyburgh,Cape Verde
CUST0453,"Ball, Whitney and Massey",North Dan,Armenia
CUST0454,Elliott-Mitchell,South Rachel,Jamaica
CUST0455,Anderson Ltd,North Amberville,Pitcairn Islands
CUST0456,Floyd and Sons,Carlaville,British Indian Ocean Territory (Chagos Archipelago)
CUST0457,Nunez-Smith,Taylorville,Gambia
CUST0458,"Gibson, Oneill and Day",Port Joseph,Myanmar
CUST0459,Lewis Group,Garciafurt,Grenada
CUST0460,Evans LLC,Nicholastown,Anguilla
CUST0461,Clayton Group,New Xaviershire,Kiribati
CUST0462,"Medina, Page and George",Port Cathy,Spain
CUST0463,"Cabrera, Ingram and Rhodes",New Samuelmouth,Czech Republic
CUST0464,"Harrison, Castro and Reyes",East Timothystad,Chile
CUST0465,Randall and Sons,South Raymond,India
CUST0466,Carter-Stanley,East Marie,Guinea
CUST0467,Marshall-Fox,Peterfurt,Slovenia
CUST0468,"Murphy, Miller and Mathews",Lake Catherine,Poland
CUST0469,"Smith, Thomas and Stevenson",Lisaview,Peru
CUST0470,"Simmons, Stark and Sims",Rayshire,Philippines
CUST0471,Ramirez-Dean,Bakerburgh,Uganda
CUST0472,Ray Group,Anthonyville,Nicaragua
CUST0473,Graham-Alvarado,Floresbury,Saint Martin
CUST0474,Davis and Sons,North Joshuaville,British Indian Ocean Territory (Chagos Archipelago)
CUST0475,Rodriguez and Sons,Reedborough,Syrian Arab Republic
CUST0476,"Taylor, Sanders and Ortiz",West Jessicashire,Argentina
CUST0477,Jackson-Lewis,Lake Mark,Martinique
CUST0478,Pineda-Ross,South Robertside,Micronesia
CUST0479,Mitchell Inc,Cabreraberg,United Arab Emirates
CUST0480,Spencer-Allison,West Malik,Saint Vincent and the Grenadines
CUST0481,Rivas Inc,South Stevenville,Yemen
CUST0482,Mcbride-Decker,Longton,Mozambique
CUST0483,Perry and Sons,South Andrewville,Maldives
CUST0484,"King, Banks and Rodriguez",East Krystalville,French Polynesia
CUST0485,George LLC,Davisside,Chile
CUST0486,Flores-Smith,Andrewland,Saint Kitts and Nevis
CUST0487,"West, Sanchez and Johnson",East Karenville,Romania
CUST0488,Parsons Ltd,Michaelview,Canada
CUST0489,Turner Ltd,Lake Paige,Dominican Republic
CUST0490,Green Group,Theresaville,Cambodia
CUST0491,Miller-Thomas,Andersontown,Australia
CUST0492,Hardy-Ayers,Saundersstad,Tonga
CUST0493,"Parker, Wilson and Blackburn",Davismouth,Australia
CUST0494,Campbell PLC,New Shane,Malta
CUST0495,"Church, Bradford and Copeland",North Devonshire,Korea
CUST0496,"Lynch, Armstrong and Hensley",Molinaport,Antigua and Barbuda
CUST0497,Ruiz Inc,West Tonyside,Zambia
CUST0498,Garcia-Brown,Port Jason,Serbia
CUST0499,Mercer-Johnson,Lake Jo,Panama
CUST0500,Johns Group,Wrightland,Nauru
CUST0501,Ford-Thompson,Lake Daniel,Burundi
CUST0502,Lee-Bailey,South Michael,Dominica
CUST0503,Bryant Ltd,South Jennaton,Lithuania
CUST0504,Reed-Martinez,Robinport,Turkey
CUST0505,"Gonzalez, Kim and Grimes",South Tyler,Mayotte
CUST0506,"Beck, Wright and Yoder",West Susanhaven,North Macedonia
CUST0507,Alvarez-Reyes,Melissaview,French Guiana
CUST0508,"Stokes, Hernandez and Mckinney",Port Tammy,Moldova
CUST0509,Watson-George,Lake Shirley,Isle of Man
CUST0510,Edwards-Francis,Hendersonport,Brunei Darussalam
CUST0511,West Inc,Stewartfurt,Nigeria
CUST0512,Tyler-Johnson,North Daniel,Montserrat
CUST0513,Rogers PLC,Brianmouth,Cocos (Keeling) Islands
CUST0514,Hopkins Ltd,Reginaldbury,Canada
CUST0515,"Hawkins, Peters and Mcknight",Nathanfurt,Netherlands
CUST0516,Morgan Group,Williamshaven,Vietnam
CUST0517,Lee PLC,Christopherberg,Ireland
CUST0518,"Vargas, Williams and Moore",Robinsonland,Gibraltar
CUST0519,"Sloan, Mason and Jones",Jamesside,Sri Lanka
CUST0520,Avery-Harris,Davismouth,Norfolk Island
CUST0521,Allen Group,Jillianfort,United Arab Emirates
CUST0522,Neal LLC,Frenchview,Austria
CUST0523,Davis-Brooks,West Katherine,Wallis and Futuna
CUST0524,"Hancock, Henderson and Ramirez",West Ariana,Burundi
CUST0525,Webb Ltd,North Karenview,Guinea
CUST0526,Thomas-Newton,Molinatown,Zimbabwe
CUST0527,"Black, Lewis and Martinez",North Robertview,Italy
CUST0528,Thompson LLC,North Samantha,Italy
CUST0529,"Barber, Drake and Evans",New Jonathan,Tonga
CUST0530,"Robinson, Wolfe and Petersen",Edwardshaven,Maldives
CUST0531,Johnson-Brown,Port Angelaland,Morocco
CUST0532,Johnson PLC,Richardbury,British Virgin Islands
CUST0533,"Campbell, Rivers and Hamilton",Pattersonland,Czech Republic
CUST0534,Ward LLC,Karenville,Heard Island and McDonald Islands
CUST0535,"Acosta, Archer and Ward",Matthewmouth,Montserrat
CUST0536,"Barajas, Powers and Duncan",Christopherland,Ecuador
CUST0537,"Smith, Miller and Keller",South Matthew,Cook Islands
CUST0538,Johnson-Gillespie,Williamshire,Belize
CUST0539,Edwards Ltd,Port Christopherhaven,Bhutan
CUST0540,Thomas LLC,Michaelfurt,Austria
CUST0541,"Parks, Avila and Jackson",Lake Anna,Suriname
CUST0542,"Alexander, Stephens and Vargas",North Elizabethville,Congo
CUST0543,"Lopez, Benton and Brooks",Jaimeton,Swaziland
CUST0544,Sutton LLC,West Nicolemouth,Somalia
CUST0545,"Brown, Fry and Weber",Lynnfurt,Guam
CUST0546,Hernandez PLC,Thorntonbury,Zimbabwe
CUST0547,"Fischer, Schmidt and Reed",Cindyville,Holy See (Vatican City State)
CUST0548,Smith and Sons,North Alexchester,Venezuela
CUST0549,Ortiz-Liu,Jacksonton,Swaziland
CUST0550,Cochran-Gates,New Travisstad,Antigua and Barbuda
CUST0551,"Jones, Wallace and Williams",Lake Keithmouth,Antigua and Barbuda
CUST0552,Johnson LLC,Port Paulport,Lithuania
CUST0553,Wallace-Ryan,Palmerburgh,Barbados
CUST0554,"Robbins, Mills and Ramos",Stephaniefurt,Falkland Islands (Malvinas)
CUST0555,Lewis and Sons,East Krystal,British Indian Ocean Territory (Chagos Archipelago)
CUST0556,Welch Group,Jeffreyton,New Caledonia
CUST0557,Lewis LLC,Jillianberg,Turkmenistan
CUST0558,Carter-Jacobson,North Michellestad,Saint Helena
CUST0559,"Hernandez, Williams and Carroll",New Robertport,Grenada
CUST0560,"Hernandez, Moody and Adams",Flemingmouth,Uganda
CUST0561,Smith Ltd,South Vernonmouth,Antarctica (the territory South of 60 deg S)
CUST0562,"Young, Howard and Reyes",Timothyhaven,Norfolk Island
CUST0563,Long Inc,Sheltonport,Samoa
CUST0564,"Jackson, Rodriguez and Frye",South Frank,Guinea-Bissau
CUST0565,Cisneros-Carey,Philipshire,Faroe Islands
CUST0566,Rivera-Chapman,West Sherry,Lithuania
CUST0567,Newman-Hayes,Richardville,Montenegro
CUST0568,Fletcher-May,New Jeffrey,Holy See (Vatican City State)
CUST0569,"Marquez, Koch and Hogan",West Theresashire,Greece
CUST0570,"Vargas, Reed and Greene",Lake Tinastad,Colombia
CUST0571,"Mcmahon, Martinez and Cruz",Kathleenfurt,Bahamas
CUST0572,"Oliver, Henry and Park",Benjaminfurt,Yemen
CUST0573,"Lucas, Chen and Hudson",Thomasmouth,Japan
CUST0574,"Goodman, Hughes and Blake",West Brian,Belgium
CUST0575,"Henry, Goodwin and Garrison",Lopezshire,Sao Tome and Principe
CUST0576,Schwartz LLC,Port Michaelbury,Mongolia
CUST0577,Ray PLC,Larsenbury,Panama
CUST0578,"Saunders, Goodman and Hampton",South Christineview,Bolivia
CUST0579,Henderson Ltd,Jamesberg,Syrian Arab Republic
CUST0580,"Potter, Mcintyre and Coleman",Maryhaven,Grenada
CUST0581,Marshall-Adams,Lake Ericaville,Cuba
CUST0582,Davis-Duncan,Carolberg,Spain
CUST0583,Walters and Sons,Daviston,Isle of Man
CUST0584,Gray and Sons,South Michelle,Mauritius
CUST0585,Strong-Johnson,North Brianton,Finland
CUST0586,Cunningham-Dunn,Markfurt,Latvia
CUST0587,Young PLC,East Bruce,Zambia
CUST0588,Dennis-Hays,Port Amyshire,South Georgia and the South Sandwich Islands
CUST0589,"Price, Miller and Clark",Abigailfort,Guyana
CUST0590,"Clark, Hoover and Combs",Gregoryside,Sao Tome and Principe
CUST0591,Anderson-Pratt,Lunachester,New Caledonia
CUST0592,Shepard-Henderson,East William,Czech Republic
CUST0593,Davis-Brown,Martinezville,Guinea
CUST0594,Stephens Group,Thomasview,Iraq
CUST0595,Summers Ltd,South Danahaven,Cayman Islands
CUST0596,Morgan-Morgan,South Patrick,Jamaica
CUST0597,"Cardenas, Hunter and Macias",Joanstad,Spain
CUST0598,Singh Ltd,North Adamborough,Bouvet Island (Bouvetoya)
CUST0599,"Villa, Lam and Carroll",South Colinfurt,France
CUST0600,"Young, Miranda and Williams",Port Jenniferport,Bahrain
CUST0601,Heath-Solomon,East Chad,Saint Martin
CUST0602,Cox-Anderson,Meyerbury,Western Sahara
CUST0603,Warren PLC,Harrisfurt,Palau
CUST0604,"Lewis, Castro and Jones",North Kaylafurt,Jordan
CUST0605,Clark-Baker,Millerland,Svalbard & Jan Mayen Islands
CUST0606,Romero LLC,Danielville,Iran
CUST0607,Price Inc,Jeremiahfort,Yemen
CUST0608,Lucas Inc,East Christopherport,San Marino
CUST0609,"Rodriguez, Mcbride and Franklin",Port Joshuachester,Guam
CUST0610,Monroe Ltd,North Marcia,Djibouti
CUST0611,Hall and Sons,East Michaelborough,Netherlands Antilles
CUST0612,Garcia LLC,Kirkfort,Saint Helena
CUST0613,Evans-Moore,Hollytown,Afghanistan
CUST0614,Marsh PLC,East Jonathantown,Bulgaria
CUST0615,Gardner-Gibson,North Cody,Brunei Darussalam
CUST0616,"Webb, Brown and Martin",Avilaborough,Lebanon
CUST0617,Padilla-Lopez,Anthonyfurt,Gibraltar
CUST0618,Lee-Parker,Lake Kimberlymouth,Central African Republic
CUST0619,White-Martin,Port Sabrinachester,Brunei Darussalam
CUST0620,Buchanan LLC,Kimberlyville,Thailand
CUST0621,Foster Group,Lake Jamesmouth,Serbia
CUST0622,Thomas Group,Hessmouth,Saint Helena
CUST0623,Choi-Smith,West Amyberg,Mozambique
CUST0624,"Vargas, Adams and Russo",New Whitneymouth,Palau
CUST0625,"Leach, Rose and Thomas",Marcoview,Maldives
CUST0626,"Williams, Lopez and Walker",Davidside,Romania
CUST0627,Wilkins-House,Parkerton,Paraguay
CUST0628,Fields-Alexander,New Kenneth,Thailand
CUST0629,Carter-Wilkerson,Rodriguezhaven,Swaziland
CUST0630,Morales PLC,Tiffanyland,Saint Lucia
CUST0631,"Lopez, Orr and Watson",West Debrastad,Austria
CUST0632,Garrett Group,Penaport,Seychelles
CUST0633,"Foster, Schaefer and Fletcher",Alexanderstad,Jordan
CUST0634,"Frederick, Smith and Lin",Salazarview,Saint Barthelemy
CUST0635,"Lewis, Morgan and Kerr",Port Derekstad,Qatar
CUST0636,Allen PLC,North Brookeland,British Virgin Islands
CUST0637,Jackson-Huerta,Dannyville,Benin
CUST0638,Brown Group,Greenmouth,Pitcairn Islands
CUST0639,Mitchell-Houston,Johnsonmouth,British Virgin Islands
CUST0640,Walker-Bennett,South Joanside,Peru
CUST0641,Wang-Spears,North Maria,Ukraine
CUST0642,Mcbride-Mckinney,Stacystad,Mayotte
CUST0643,West and Sons,West Jordan,Lebanon
CUST0644,Tran Group,East Benjamin,Haiti
CUST0645,Hall LLC,North John,Belgium
CUST0646,"Aguilar, Robinson and Hall",Wilsontown,Botswana
CUST0647,Shaw-Reyes,Carolbury,Algeria
CUST0648,"Brown, Smith and Martinez",Johnshire,Bolivia
CUST0649,"Parsons, Johnson and Haley",Port Keith,Ghana
CUST0650,Stevenson-Taylor,South Kimberlyberg,Greenland
CUST0651,Olsen Group,Sullivanton,New Caledonia
CUST0652,"Booth, Jackson and Martinez",Josephton,Moldova
CUST0653,Wilson-Jones,North Robert,Lithuania
CUST0654,Clark LLC,East Jeffreyville,Antarctica (the territory South of 60 deg S)
CUST0655,Rose Group,Lake Carolynchester,Guadeloupe
CUST0656,Powell PLC,Garciaton,Jordan
CUST0657,"Montoya, Jackson and Sanders",Christophermouth,Algeria
CUST0658,Ali-Ryan,Owensport,Greece
CUST0659,Roman Inc,Wallville,Canada
CUST0660,"Stevens, Adams and Rogers",Adamside,Comoros
CUST0661,Fernandez Ltd,East Kathleenbury,Chile
CUST0662,Armstrong-Tran,East Laurachester,Chad
CUST0663,Romero-Scott,Brianview,Guinea
CUST0664,Mullen LLC,Ricefurt,Mauritania
CUST0665,Duncan and Sons,New Michelleland,Guinea
CUST0666,Austin-Brooks,Lake Danaland,Zambia
CUST0667,Price-Rivera,Smithstad,Niger
CUST0668,Michael-Mitchell,New Sherry,Belize
CUST0669,Marshall-Johnson,New Victoria,Djibouti
CUST0670,Carter-Reed,Maryport,Holy See (Vatican City State)
CUST0671,"Young, Walker and Taylor",New Adamville,Estonia
CUST0672,Hernandez Ltd,South Erikmouth,Slovenia
CUST0673,Aguirre PLC,Lake Dawnfurt,French Polynesia
CUST0674,Keith-Valdez,Jacksonbury,Cayman Islands
CUST0675,Medina LLC,Port Luke,Serbia
CUST0676,Griffith Ltd,South Craig,Turks and Caicos Islands
CUST0677,Patrick Inc,South Jamesmouth,Seychelles
CUST0678,"Bell, Gilbert and Serrano",New Sethbury,Burkina Faso
CUST0679,Burton-Torres,North Jennifer,Turks and Caicos Islands
CUST0680,"Brown, Jones and Barber",Port Courtney,Ireland
CUST0681,Preston Ltd,East Adam,Brazil
CUST0682,"Wilson, Salazar and Pugh",Port Robert,Brazil
CUST0683,Martin-Ramirez,South Amy,Saint Martin
CUST0684,"Matthews, Smith and Lewis",Luisshire,Hungary
CUST0685,Wright-Benson,Frenchburgh,Singapore
CUST0686,Jones-Lewis,Shafferview,Saint Martin
CUST0687,Orozco Inc,West Melissafurt,Andorra
CUST0688,Carter Inc,Christinestad,Myanmar
CUST0689,Sullivan Ltd,Carolynchester,American Samoa
CUST0690,Gonzalez LLC,East Cynthia,Armenia
CUST0691,Santana PLC,Justinstad,Nicaragua
CUST0692,"Brown, Russo and Parsons",Larsonburgh,Burundi
CUST0693,Harmon Inc,East Amandabury,Angola
CUST0694,Tucker-Waller,East Yvette,Christmas Island
CUST0695,Mitchell and Sons,Wellsport,Burkina Faso
CUST0696,"Houston, Osborn and Abbott",Parkerville,Cote d'Ivoire
CUST0697,"Davis, Turner and Richardson",West Katiehaven,Canada
CUST0698,"Morrison, Bean and Todd",East Angelica,Northern Mariana Islands
CUST0699,Wilkinson Inc,North Michaelchester,South Africa
CUST0700,Martinez-Soto,Markmouth,Turkey
CUST0701,"Martin, Flores and Mcneil",New Austinborough,Reunion
CUST0702,Wilson-Johnson,New Bernard,Honduras
CUST0703,Myers-Peck,Joneschester,North Macedonia
CUST0704,Heath-Walker,Shaneshire,Sri Lanka
CUST0705,"Guzman, Bray and Rodriguez",New Alexander,Peru
CUST0706,Bond-Cameron,Bradleymouth,Norway
CUST0707,Lawson Group,East Harryland,Venezuela
CUST0708,"Miller, Sparks and Wilson",Samuelside,Mauritius
CUST0709,"Mcclure, Peterson and Warren",Raymondville,Lao People's Democratic Republic
CUST0710,"Brown, Dalton and Ruiz",Tarafurt,Suriname
CUST0711,Perez Group,Timothyport,Turks and Caicos Islands
CUST0712,"Herrera, Wallace and Taylor",Stewartchester,France
CUST0713,"Hernandez, Allen and Lawrence",West Victor,Puerto Rico
CUST0714,Wells LLC,Kaufmanhaven,Nepal
CUST0715,Gonzalez Ltd,Morganmouth,Timor-Leste
CUST0716,Carpenter-Travis,North Marissa,Kyrgyz Republic
CUST0717,"Oneal, Christensen and Lee",Sancheztown,Albania
CUST0718,Herman Ltd,Hernandezfort,Kiribati
CUST0719,Delacruz LLC,New Daniel,Trinidad and Tobago
CUST0720,Shah-Crane,New Michaelshire,Saint Lucia
CUST0721,"Humphrey, Mahoney and Sutton",Aguirrestad,Spain
CUST0722,Haynes-Leblanc,Port John,Lithuania
CUST0723,Barker-Rojas,Brittanyberg,Fiji
CUST0724,Chavez-Figueroa,New Russell,Christmas Island
CUST0725,Mendoza Ltd,North James,Jersey
CUST0726,"Johnson, Shah and Thompson",Margaretborough,Rwanda
CUST0727,Williams-Buchanan,Lake Robertstad,Ireland
CUST0728,Gonzalez-Brown,North Andrew,Germany
CUST0729,Koch-Hill,Parksfort,Bouvet Island (Bouvetoya)
CUST0730,Jimenez Inc,New Taraville,Congo
CUST0731,Salas Inc,Lutzmouth,Timor-Leste
CUST0732,"Acevedo, Simmons and Harvey",Stewartside,Bermuda
CUST0733,Webb Group,North Andrew,Luxembourg
CUST0734,Mccall PLC,Albertside,Guadeloupe
CUST0735,Rodriguez Inc,West Vicki,French Southern Territories
CUST0736,Simpson PLC,Leeburgh,Wallis and Futuna
CUST0737,West PLC,Fitzgeraldbury,Bahamas
CUST0738,"Cervantes, Thomas and Anderson",Port Sarah,Barbados
CUST0739,Phillips-Watkins,Port Jamesland,Niger
CUST0740,"Johnson, Matthews and Andrews",Chambersberg,Togo
CUST0741,Silva-Smith,Justinmouth,United Kingdom
CUST0742,"Ellis, Stewart and Garcia",New Erika,Indonesia
CUST0743,Miller-Murray,New Jessicaville,Barbados
CUST0744,Harris-Thompson,Jordanport,British Indian Ocean Territory (Chagos Archipelago)
CUST0745,Brown-Vasquez,Williamsstad,Pitcairn Islands
CUST0746,"Martin, Newman and Mitchell",Pearsonfurt,Moldova
CUST0747,Baker-Riley,West Jamesville,Denmark
CUST0748,Christian and Sons,New Kristophermouth,Antarctica (the territory South of 60 deg S)
CUST0749,Williams-Valenzuela,East Albertmouth,Seychelles
CUST0750,Dorsey-Smith,South Donnaland,French Southern Territories
CUST0751,Rogers-Khan,Josephfurt,Denmark
CUST0752,Lopez-Sherman,South Stephenburgh,Burundi
CUST0753,Cobb-Lopez,Kevinmouth,United Arab Emirates
CUST0754,Gould and Sons,Millerport,Samoa
CUST0755,Robinson-Taylor,Kimberlyfort,Korea
CUST0756,Phillips Ltd,Walkerport,Mayotte
CUST0757,"Diaz, Waters and Campos",Mooreton,Kuwait
CUST0758,Snow Group,Port Laura,Belgium
CUST0759,"Koch, Stuart and Aguilar",Solomonville,Paraguay
CUST0760,Rubio-Hamilton,Jaredberg,Netherlands Antilles
CUST0761,"Collins, Smith and Bell",East Toni,Indonesia
CUST0762,"Adams, Flowers and Roberts",Manningmouth,Mozambique
CUST0763,Brown-Potter,Davidberg,Antarctica (the territory South of 60 deg S)
CUST0764,Rojas-Pennington,Lake Pattyside,Svalbard & Jan Mayen Islands
CUST0765,Tucker Group,Jenniferburgh,Zambia
CUST0766,"Hicks, Fox and Anderson",Davisbury,Iceland
CUST0767,Turner-Garcia,South James,Ukraine
CUST0768,"Johnson, Adams and Calhoun",Port Markchester,Guatemala
CUST0769,Powers and Sons,Grantland,Norway
CUST0770,"Campbell, Watson and Sims",New Jessica,Jersey
CUST0771,"Estes, Washington and Lewis",Dustinport,Albania
CUST0772,"Moore, Wood and Martinez",Gallagherview,Saint Martin
CUST0773,"Powell, Moore and Flores",West Steven,Guadeloupe
CUST0774,King-Lowe,Thompsontown,Kenya
CUST0775,Mclaughlin-Rodriguez,South Diana,Albania
CUST0776,"Barnes, Johnson and Stone",Christopherside,Russian Federation
CUST0777,Davis-Jones,Port Heatherfurt,Taiwan
CUST0778,Oneal Ltd,Courtneyhaven,Bolivia
CUST0779,Daniels-Jones,Newmanborough,Northern Mariana Islands
CUST0780,"Newman, Washington and Andrews",Paulchester,Colombia
CUST0781,Thomas LLC,Thomasfort,Chad
CUST0782,Hoffman and Sons,Lynnside,Estonia
CUST0783,Vance-Fernandez,Washingtonberg,Slovakia (Slovak Republic)
CUST0784,Harris Inc,East William,Tanzania
CUST0785,"Sanchez, Phillips and Lee",South Josephville,Saint Lucia
CUST0786,Jackson-White,New Denise,Niger
CUST0787,Cantu PLC,Murraychester,Reunion
CUST0788,Weiss-Cordova,Armstrongside,Liberia
CUST0789,Martinez-Todd,North Josephland,Swaziland
CUST0790,Martin PLC,New Carolynside,Netherlands Antilles
CUST0791,Weiss-Edwards,Lowemouth,Colombia
CUST0792,Torres-Anderson,North Seanport,Congo
CUST0793,"Wright, Neal and Barrett",East Tinaville,Marshall Islands
CUST0794,Dodson Ltd,Martintown,Eritrea
CUST0795,"Hernandez, Woodard and Thompson",West Madison,Gabon
CUST0796,Graham-Green,West Billy,Solomon Islands
CUST0797,"Green, Peck and Patrick",South Andrea,Iran
CUST0798,Johnson-Rivera,Port Leahton,Mozambique
CUST0799,Burnett and Sons,Dominguezmouth,Saint Vincent and the Grenadines
CUST0800,"Hall, Goodwin and Holt",Cameronberg,Belarus
CUST0801,Avery PLC,Lewisshire,Guinea
CUST0802,Webb LLC,Margaretmouth,United States Virgin Islands
CUST0803,"Hoffman, Mills and Palmer",Mcculloughmouth,Saint Kitts and Nevis
CUST0804,"Becker, Mcintosh and Powell",Zacharyberg,Switzerland
CUST0805,King-Murillo,Hutchinsonview,Iceland
CUST0806,"Leonard, Perkins and Hodges",Millermouth,United States Minor Outlying Islands
CUST0807,"Camacho, Dougherty and Knox",Matthewtown,Saint Martin
CUST0808,Ball PLC,Brooksberg,United States of America
CUST0809,Jones Inc,North Amy,Saint Kitts and Nevis
CUST0810,Hampton-Caldwell,Bradbury,South Georgia and the South Sandwich Islands
CUST0811,"Collins, Little and Williams",Batesport,Tuvalu
CUST0812,Williams Group,Coreyberg,Vanuatu
CUST0813,"Herrera, Kelly and Thompson",Mcphersonshire,Wallis and Futuna
CUST0814,"Floyd, Pearson and Clark",East Brittany,Bouvet Island (Bouvetoya)
CUST0815,"Cook, Johnson and Fox",West Amy,Antarctica (the territory South of 60 deg S)
CUST0816,Beasley and Sons,Michaelton,Cote d'Ivoire
CUST0817,Hansen-Bradley,Lake Danielport,Greenland
CUST0818,Garcia LLC,West Lisabury,Seychelles
CUST0819,White and Sons,Adamsshire,Cameroon
CUST0820,Edwards-Miller,North Alicia,Belize
CUST0821,Lin-Murphy,Williamsburgh,Rwanda
CUST0822,Hernandez-Diaz,Kevinchester,United States Virgin Islands
CUST0823,Wilson PLC,Richardtown,Mongolia
CUST0824,Thomas-Martin,Rubenberg,Palestinian Territory
CUST0825,Johnson Ltd,Gabrielabury,Belgium
CUST0826,Alvarado Ltd,Romanborough,Svalbard & Jan Mayen Islands
CUST0827,Holder and Sons,Powellport,Gibraltar
CUST0828,Cook and Sons,Danielstad,Tajikistan
CUST0829,Barton Group,Port Kimberly,United States Virgin Islands
CUST0830,Cain-Weaver,East Victoriaberg,Saint Kitts and Nevis
CUST0831,"Thomas, Johnson and Hernandez",Margaretside,Cambodia
CUST0832,Pace-Bennett,Mariahbury,Aruba
CUST0833,Lewis-Gardner,West Ashleyview,Falkland Islands (Malvinas)
CUST0834,Thomas PLC,Heatherville,Namibia
CUST0835,Hall-Thomas,South Nicholasmouth,Israel
CUST0836,Garcia-Hendrix,Mendozafort,Austria
CUST0837,Carrillo-Oneill,West Justinburgh,Saint Martin
CUST0838,Harper-Lewis,North Kennethborough,Somalia
CUST0839,Ortiz Ltd,West Francisco,Uzbekistan
CUST0840,Fernandez Inc,New Paulport,Northern Mariana Islands
CUST0841,Mathis-Knapp,Port Felicia,Palestinian Territory
CUST0842,Reid PLC,South Shane,Pitcairn Islands
CUST0843,"Riley, Edwards and Davenport",East Damon,Uzbekistan
CUST0844,Watson and Sons,Stephenhaven,Cote d'Ivoire
CUST0845,Chambers and Sons,West Bryan,British Virgin Islands
CUST0846,Cochran Inc,Port Rachaelstad,Vietnam
CUST0847,Stevens-Carter,New Jorge,Kenya
CUST0848,Hale-Smith,South Tammy,Cote d'Ivoire
CUST0849,Martin Group,New Cynthia,Nigeria
CUST0850,Carroll-Collins,North Brandon,French Guiana
CUST0851,"Gross, Hutchinson and Simpson",North Peggy,Liberia
CUST0852,Austin Inc,Nicholschester,Thailand
CUST0853,Mcgee Inc,South Kelliport,Montserrat
CUST0854,"Olson, Donovan and Blackwell",East Shannon,Canada
CUST0855,Hunter-Hawkins,West Robertfurt,Korea
CUST0856,Weiss LLC,North Lauren,Bulgaria
CUST0857,Rose and Sons,South Wendyberg,Poland
CUST0858,"Mccall, Thompson and Galloway",Colemanland,Barbados
CUST0859,Scott-Walsh,Lake Michael,Fiji
CUST0860,Doyle Ltd,East Michaelberg,Tokelau
CUST0861,"Harris, Lewis and Ali",Shellyport,Christmas Island
CUST0862,Shepherd-Ferguson,New Samuelfort,Georgia
CUST0863,Martin LLC,South Becky,Burundi
CUST0864,Walker-Santos,Port Jordanmouth,Antarctica (the territory South of 60 deg S)
CUST0865,Cisneros-Torres,Sharpchester,Papua New Guinea
CUST0866,Salas and Sons,North Julia,Guyana
CUST0867,Hernandez-Hart,Paigeburgh,Macao
CUST0868,"Stewart, Adams and Brown",Smithborough,Honduras
CUST0869,Blackwell LLC,Port Jeremy,Mongolia
CUST0870,Mcclain Group,Brendaview,Slovenia
CUST0871,"Cruz, Le and Taylor",North Brandy,Guatemala
CUST0872,"Montoya, Ellis and Sosa",East Joseph,Djibouti
CUST0873,Reyes and Sons,Wongport,Tonga
CUST0874,Davis-Larson,Griffinside,Palau
CUST0875,Solis-Morales,Port Jameschester,Turkmenistan
CUST0876,Phillips-Lowery,North Jeromeland,Egypt
CUST0877,Rivera Ltd,Emilyland,Bouvet Island (Bouvetoya)
CUST0878,Mills-Wheeler,Jaclynland,Korea
CUST0879,Wade LLC,Floresmouth,Antarctica (the territory South of 60 deg S)
CUST0880,Cohen Ltd,Port Veronicaborough,Libyan Arab Jamahiriya
CUST0881,"Fisher, Noble and Roberts",East James,Nauru
CUST0882,Salas-Hill,Wendystad,Comoros
CUST0883,"Johnson, Williams and Johnson",West Emily,Morocco
CUST0884,Harris-Lawrence,Port Ryan,Congo
CUST0885,"Ellis, Torres and Bradford",Kirkmouth,Slovakia (Slovak Republic)
CUST0886,"Jensen, Malone and White",North James,Dominica
CUST0887,Torres-Cunningham,Johnsmouth,Lebanon
CUST0888,"Armstrong, Smith and Shah",Port Chaseview,Estonia
CUST0889,Thomas-Harris,North Destinystad,Iraq
CUST0890,Fletcher Group,East Jacqueline,Seychelles
CUST0891,"Baldwin, Mcdowell and Allen",Millerburgh,Turks and Caicos Islands
CUST0892,Jackson-Love,Lisabury,Congo
CUST0893,Martinez-Martinez,Lake Mariefort,Indonesia
CUST0894,Mendez-Burnett,West April,Svalbard & Jan Mayen Islands
CUST0895,"Allen, Baker and Mcclure",New Natalie,Spain
CUST0896,Stevenson-Estrada,Josephhaven,Honduras
CUST0897,Griffin-Jenkins,East Sandramouth,Canada
CUST0898,Delacruz Inc,Lake Ronald,Austria
CUST0899,Barry Inc,West Andreaport,Bangladesh
CUST0900,Ortiz-Aguirre,East Gregory,Gambia
CUST0901,"Ramirez, Mann and Beasley",North Tammyfort,Cape Verde
CUST0902,"Perez, Hughes and Richardson",Lake Graceberg,Aruba
CUST0903,Garcia-Ashley,Evansshire,Albania
CUST0904,Baxter-Steele,Lake Justinview,Malawi
CUST0905,"Rodriguez, Fleming and Taylor",South Brittanyland,Guinea-Bissau
CUST0906,"Ortiz, Stewart and Anderson",South Laurastad,Cote d'Ivoire
CUST0907,Vega LLC,Lake Katrina,Burundi
CUST0908,Simpson and Sons,West Sherrimouth,Bangladesh
CUST0909,"Smith, Riggs and Jackson",Ericaland,Cyprus
CUST0910,Sanchez-Jones,Morganview,Turkey
CUST0911,Perez Group,North Kellyburgh,Samoa
CUST0912,Russell-Brown,South Benjamin,Guam
CUST0913,Campbell Ltd,Port Adam,Montenegro
CUST0914,"Frank, Ball and Cowan",New Megan,Tanzania
CUST0915,Weber and Sons,Nicoleshire,Saint Vincent and the Grenadines
CUST0916,Stewart Ltd,Newmantown,Switzerland
CUST0917,Rojas-Johnson,Port Veronicaside,North Macedonia
CUST0918,Ortega and Sons,South Mary,Hong Kong
CUST0919,Martinez-Walker,East Thomas,Colombia
CUST0920,Baker-Payne,Port Levi,French Southern Territories
CUST0921,Saunders PLC,Alanton,New Zealand
CUST0922,Anderson PLC,Montoyaport,Northern Mariana Islands
CUST0923,Andrews PLC,Ginachester,Oman
CUST0924,Reyes-Mccormick,South Kathryn,Aruba
CUST0925,Hernandez PLC,Davidville,Togo
CUST0926,Quinn-Baker,North Samuel,French Polynesia
CUST0927,Cunningham-Green,West Christinemouth,Dominican Republic
CUST0928,Nguyen Group,West Albert,San Marino
CUST0929,Perez-Carpenter,South Rebeccahaven,Ecuador
CUST0930,Mccormick-Rodriguez,Alexismouth,Indonesia
CUST0931,Jones-Green,New Joel,Bangladesh
CUST0932,Taylor Inc,Jamesmouth,Zambia
CUST0933,Griffith-Matthews,Farrellchester,Hungary
CUST0934,Cook LLC,New Clinton,Dominican Republic
CUST0935,"Moreno, Martinez and Foster",East Joshua,Niue
CUST0936,"Hammond, Richardson and Turner",Robertsberg,Lesotho
CUST0937,King PLC,Edwinmouth,Ecuador
CUST0938,"Graves, Torres and Anderson",South Sabrinaborough,Liberia
CUST0939,"Mcdonald, Phillips and Brooks",North Markside,Palestinian Territory
CUST0940,Boyd-Morrow,West Michelleland,Samoa
CUST0941,Allen-Hall,East Mariah,Tajikistan
CUST0942,Glenn-Mills,Jonathanhaven,Finland
CUST0943,"Dunn, Cowan and Clark",Port Jamesland,Saint Vincent and the Grenadines
CUST0944,"Atkins, Larson and Haney",Hardyville,Armenia
CUST0945,"Porter, Guerrero and Davenport",East Matthew,Malta
CUST0946,Hart-Werner,New Mark,Norway
CUST0947,"Ritter, Oneill and Schwartz",North Deborah,Nigeria
CUST0948,Alvarez Ltd,West Jason,Singapore
CUST0949,"Garcia, Murphy and Lopez",Chandlerfurt,Niger
CUST0950,"Navarro, Diaz and Case",New Andrewland,Turks and Caicos Islands
CUST0951,Thompson-Butler,West Katieland,Zambia
CUST0952,"Powell, Wells and Anderson",Banksport,Belgium
CUST0953,"Valenzuela, Blake and Allen",Courtneystad,Niger
CUST0954,Oconnor Group,Hugheschester,Guinea-Bissau
CUST0955,Fox-Moore,New Barbarashire,Guyana
CUST0956,"Carter, Roberts and Gray",Danielside,El Salvador
CUST0957,Holmes PLC,North Sierra,Zimbabwe
CUST0958,Wilkins Group,West Patrick,Grenada
CUST0959,"Harris, Hudson and Hardy",Lake Tiffanyberg,Tanzania
CUST0960,Wu LLC,Port Johnburgh,Saint Pierre and Miquelon
CUST0961,Kramer Group,Dodsonberg,Yemen
CUST0962,Hurley Ltd,South Joseph,Paraguay
CUST0963,"Lopez, Kelley and Coleman",East Jennifer,Lithuania
CUST0964,Lang PLC,Lake John,Jordan
CUST0965,Garcia Inc,North Christopher,India
CUST0966,Stewart-Martin,Tarafort,Estonia
CUST0967,Alvarez and Sons,Armstrongview,Syrian Arab Republic
CUST0968,Yang PLC,East Richardstad,Cape Verde
CUST0969,Richardson PLC,Jackville,Fiji
CUST0970,Garcia Ltd,Gloverside,Jersey
CUST0971,"Salazar, Thornton and Brown",Ianbury,Faroe Islands
CUST0972,James and Sons,Rayfort,Bolivia
CUST0973,Lewis PLC,East Ernestbury,Moldova
CUST0974,"Hoover, Brown and Fuller",Jeremyview,Central African Republic
CUST0975,"Richardson, Wood and Allen",Charlesfort,Bosnia and Herzegovina
CUST0976,"Wood, Brown and Daniels",West Dennisport,Grenada
CUST0977,Scott Inc,Port Thomaston,United States Virgin Islands
CUST0978,Castaneda-Walsh,Port Jessicaport,Ghana
CUST0979,"Carter, Alexander and Villa",Lake Lauraberg,Brazil
CUST0980,Sloan-Johnson,South Andrewside,American Samoa
CUST0981,Williams-Hall,Lake Tammy,French Southern Territories
CUST0982,Dunn-Kelly,Johnsonland,Zambia
CUST0983,Price-Woods,Jasmineshire,Costa Rica
CUST0984,Howard-Knapp,Jacksonport,Ghana
CUST0985,"Thompson, Newton and Cochran",Burnsmouth,Algeria
CUST0986,Berry Ltd,Schmittville,Liberia
CUST0987,"Moore, Horton and Greene",New Kelsey,Saint Pierre and Miquelon
CUST0988,Vasquez-Ballard,Benjaminchester,Martinique
CUST0989,Sellers and Sons,Stewarthaven,Switzerland
CUST0990,"Walker, May and Wells",Courtneyland,Bulgaria
CUST0991,Davis-Garcia,Lake Kellyburgh,Congo
CUST0992,Cooper-Lewis,Port Joshua,Vanuatu
CUST0993,"Hebert, Edwards and Johnston",North Eric,Bahamas
CUST0994,"Brooks, Williams and Jones",Mariahtown,Jamaica
CUST0995,Anderson-Young,Castillofort,Czech Republic
CUST0996,Davila LLC,Port Mark,Paraguay
CUST0997,Martinez-Barajas,South Heather,Micronesia
CUST0998,"Benson, Jordan and Maldonado",East Stacey,Bosnia and Herzegovina
CUST0999,"Bray, Edwards and Booker",South Dana,Guam
CUST9001,Acme Corp,Springfield,USA
CUST9002,Acme Corporation,Springfield,USA
CUST9003,Acme Corp.,Springfield,USA
