posting_id,vendor_id,document_date,document_type
DOC000000,VEND0363,2025-03-22,Credit Memo
DOC000001,VEND0434,2025-07-09,Credit Memo
DOC000002,VEND0188,2024-10-20,Vendor Invoice
DOC000003,VEND0404,2025-03-02,Payment
DOC000004,VEND0891,2025-08-08,Payment
DOC000005,VEND0861,2024-11-23,Credit Memo
DOC000006,VEND0156,2024-09-29,Payment
DOC000007,VEND0881,2025-07-13,Journal Entry
DOC000008,VEND0234,2024-09-29,Payment
DOC000009,VEND0437,2025-08-25,Journal Entry
DOC000010,VEND0739,2025-06-16,Payment
DOC000011,VEND0448,2025-06-21,Vendor Invoice
DOC000012,VEND0258,2025-07-05,Credit Memo
DOC000013,VEND0780,2025-01-09,Credit Memo
DOC000014,VEND0922,2025-04-01,Credit Memo
DOC000015,VEND0572,2026-01-25,Journal Entry
DOC000016,VEND0812,2026-03-28,Payment
DOC000017,VEND0215,2026-05-23,Credit Memo
DOC000018,VEND0110,2026-02-27,Vendor Invoice
DOC000019,VEND0402,2026-02-26,Vendor Invoice
DOC000020,VEND0509,2026-02-14,Vendor Invoice
DOC000021,VEND0943,2026-03-17,Vendor Invoice
DOC000022,VEND0554,2026-04-04,Credit Memo
DOC000023,VEND0263,2026-04-22,Credit Memo
DOC000024,VEND0898,2026-06-22,Payment
DOC000025,VEND0047,2026-01-03,Credit Memo
DOC000026,VEND0565,2026-04-11,Credit Memo
DOC000027,VEND0424,2026-07-16,Journal Entry
DOC000028,VEND0536,2026-02-25,Credit Memo
DOC000029,VEND0271,2026-03-11,Payment
DOC000030,VEND0046,2026-03-07,Journal Entry
DOC000031,VEND0441,2026-06-30,Journal Entry
DOC000032,VEND0665,2026-05-04,Journal Entry
DOC000033,VEND0120,2026-04-11,Vendor Invoice
DOC000034,VEND0365,2026-06-12,Credit Memo
DOC000035,VEND0007,2026-04-21,Vendor Invoice
DOC000036,VEND0141,2026-08-29,Vendor Invoice
DOC000037,VEND0335,2026-04-28,Credit Memo
DOC000038,VEND0637,2026-08-14,Credit Memo
DOC000039,VEND0150,2026-02-08,Vendor Invoice
DOC000040,VEND0053,2026-07-17,Journal Entry
DOC000041,VEND0894,2026-08-28,Credit Memo
DOC000042,VEND0294,2026-06-16,Credit Memo
DOC000043,VEND0475,2026-08-05,Credit Memo
DOC000044,VEND0305,2026-06-04,Journal Entry
DOC000045,VEND0752,2026-04-26,Credit Memo
DOC000046,VEND0769,2026-06-30,Payment
DOC000047,VEND0540,2026-03-04,Vendor Invoice
DOC000048,VEND0020,2026-04-08,Payment
DOC000049,VEND0026,2026-03-24,Payment
DOC000050,VEND0685,2026-06-14,Credit Memo
DOC000051,VEND0583,2026-08-12,Journal Entry
DOC000052,VEND0559,2026-08-05,Credit Memo
DOC000053,VEND0329,2026-08-13,Payment
DOC000054,VEND0715,2026-05-02,Payment
DOC000055,VEND0169,2026-01-30,Payment
DOC000056,VEND0678,2026-07-24,Vendor Invoice
DOC000057,VEND0015,2026-04-29,Vendor Invoice
DOC000058,VEND0032,2026-06-10,Credit Memo
DOC000059,VEND0646,2026-07-14,Journal Entry
DOC000060,VEND0732,2026-02-21,Journal Entry
DOC000061,VEND0693,2026-05-16,Journal Entry
DOC000062,VEND0962,2026-07-29,Journal Entry
DOC000063,VEND0341,2026-08-18,Payment
DOC000064,VEND0251,2026-08-25,Credit Memo
DOC000065,VEND0906,2026-05-05,Payment
DOC000066,VEND0801,2026-01-26,Journal Entry
DOC000067,VEND0698,2026-07-15,Payment
DOC000068,VEND0382,2026-06-21,Journal Entry
DOC000069,VEND0684,2026-05-25,Payment
DOC000070,VEND0865,2026-04-23,Journal Entry
DOC000071,VEND0030,2026-08-26,Journal Entry
DOC000072,VEND0565,2026-08-01,Journal Entry
DOC000073,VEND0302,2026-03-14,Credit Memo
DOC000074,VEND0693,2026-03-29,Credit Memo
DOC000075,VEND0514,2026-06-04,Journal Entry
DOC000076,VEND0631,2026-04-16,Vendor Invoice
DOC000077,VEND0391,2026-01-10,Credit Memo
DOC000078,VEND0609,2026-04-25,Payment
DOC000079,VEND0594,2026-02-05,Vendor Invoice
DOC000080,VEND0960,2026-07-25,Payment
DOC000081,VEND0511,2026-02-18,Vendor Invoice
DOC000082,VEND0373,2026-01-21,Credit Memo
DOC000083,VEND0183,2026-03-22,Journal Entry
DOC000084,VEND0293,2026-04-06,Vendor Invoice
DOC000085,VEND0847,2026-05-19,Journal Entry
DOC000086,VEND0286,2026-01-07,Journal Entry
DOC000087,VEND0185,2026-06-24,Payment
DOC000088,VEND0666,2026-03-08,Payment
DOC000089,VEND0776,2026-03-26,Credit Memo
DOC000090,VEND0943,2026-07-13,Credit Memo
DOC000091,VEND0557,2026-01-19,Credit Memo
DOC000092,VEND0964,2026-01-22,Vendor Invoice
DOC000093,VEND0336,2026-05-08,Payment
DOC000094,VEND0743,2026-08-20,Journal Entry
DOC000095,VEND0173,2026-02-25,Vendor Invoice
DOC000096,VEND0740,2026-08-22,Journal Entry
DOC000097,VEND0230,2026-03-02,Credit Memo
DOC000098,VEND0486,2026-02-15,Journal Entry
DOC000099,VEND0637,2026-01-04,Credit Memo
DOC000100,VEND0738,2026-05-20,Vendor Invoice
DOC000101,VEND0329,2026-03-13,Credit Memo
DOC000102,VEND0485,2026-07-19,Payment
DOC000103,VEND0650,2026-08-21,Payment
DOC000104,VEND0840,2026-02-23,Credit Memo
DOC000105,VEND0254,2026-06-20,Vendor Invoice
DOC000106,VEND0387,2026-08-30,Credit Memo
DOC000107,VEND0253,2026-05-27,Payment
DOC000108,VEND0218,2026-08-17,Credit Memo
DOC000109,VEND0924,2026-02-23,Payment
DOC000110,VEND0006,2026-03-12,Journal Entry
DOC000111,VEND0881,2026-04-20,Credit Memo
DOC000112,VEND0533,2026-03-28,Journal Entry
DOC000113,VEND0564,2026-02-06,Credit Memo
DOC000114,VEND0035,2026-04-03,Payment
DOC000115,VEND0244,2026-05-21,Credit Memo
DOC000116,VEND0459,2026-05-29,Credit Memo
DOC000117,VEND0714,2026-08-23,Vendor Invoice
DOC000118,VEND0193,2026-08-11,Journal Entry
DOC000119,VEND0631,2026-07-26,Journal Entry
DOC000120,VEND0927,2026-01-20,Credit Memo
DOC000121,VEND0966,2026-06-04,Payment
DOC000122,VEND0350,2026-02-22,Vendor Invoice
DOC000123,VEND0314,2026-01-01,Payment
DOC000124,VEND0051,2026-04-04,Vendor Invoice
DOC000125,VEND0040,2026-02-18,Vendor Invoice
DOC000126,VEND0349,2026-05-17,Credit Memo
DOC000127,VEND0656,2026-01-02,Payment
DOC000128,VEND0225,2026-08-20,Vendor Invoice
DOC000129,VEND0563,2026-08-11,Journal Entry
DOC000130,VEND0475,2026-06-13,Vendor Invoice
DOC000131,VEND0442,2026-06-02,Journal Entry
DOC000132,VEND0180,2026-08-26,Payment
DOC000133,VEND0860,2026-08-09,Vendor Invoice
DOC000134,VEND0141,2026-06-17,Vendor Invoice
DOC000135,VEND0894,2026-02-16,Journal Entry
DOC000136,VEND0464,2026-02-25,Payment
DOC000137,VEND0472,2026-07-21,Payment
DOC000138,VEND0784,2026-05-26,Payment
DOC000139,VEND0543,2026-01-31,Vendor Invoice
DOC000140,VEND0969,2026-07-11,Payment
DOC000141,VEND0311,2026-06-03,Payment
DOC000142,VEND0871,2026-03-28,Vendor Invoice
DOC000143,VEND0046,2026-06-29,Payment
DOC000144,VEND0206,2026-02-24,Vendor Invoice
DOC000145,VEND0337,2026-08-27,Credit Memo
DOC000146,VEND0993,2026-03-22,Journal Entry
DOC000147,VEND0842,2026-02-24,Journal Entry
DOC000148,VEND0876,2026-01-09,Vendor Invoice
DOC000149,VEND0933,2026-05-30,Vendor Invoice
DOC000150,VEND0174,2026-07-12,Journal Entry
DOC000151,VEND0679,2026-01-22,Vendor Invoice
DOC000152,VEND0868,2026-01-29,Vendor Invoice
DOC000153,VEND0466,2026-01-17,Credit Memo
DOC000154,VEND0990,2026-07-21,Payment
DOC000155,VEND0370,2026-04-01,Credit Memo
DOC000156,VEND0765,2026-07-14,Payment
DOC000157,VEND0798,2026-08-02,Credit Memo
DOC000158,VEND0138,2026-08-08,Vendor Invoice
DOC000159,VEND0403,2026-08-21,Journal Entry
DOC000160,VEND0009,2026-03-13,Credit Memo
DOC000161,VEND0335,2026-05-14,Payment
DOC000162,VEND0170,2026-08-12,Journal Entry
DOC000163,VEND0416,2026-01-05,Payment
DOC000164,VEND0138,2026-08-13,Journal Entry
DOC000165,VEND0665,2026-02-05,Journal Entry
DOC000166,VEND0446,2026-01-11,Payment
DOC000167,VEND0833,2026-01-22,Vendor Invoice
DOC000168,VEND0127,2026-07-31,Payment
DOC000169,VEND0891,2026-01-31,Vendor Invoice
DOC000170,VEND0810,2026-06-21,Payment
DOC000171,VEND0414,2026-03-05,Payment
DOC000172,VEND0754,2026-08-16,Credit Memo
DOC000173,VEND0851,2026-02-01,Credit Memo
DOC000174,VEND0116,2026-04-15,Credit Memo
DOC000175,VEND0358,2026-06-16,Journal Entry
DOC000176,VEND0750,2026-04-04,Journal Entry
DOC000177,VEND0569,2026-07-30,Payment
DOC000178,VEND0855,2026-02-13,Payment
DOC000179,VEND0622,2026-02-08,Payment
DOC000180,VEND0227,2026-07-16,Payment
DOC000181,VEND0022,2026-08-01,Vendor Invoice
DOC000182,VEND0471,2026-08-15,Credit Memo
DOC000183,VEND0497,2026-08-04,Journal Entry
DOC000184,VEND0178,2026-04-28,Journal Entry
DOC000185,VEND0292,2026-02-06,Vendor Invoice
DOC000186,VEND0392,2026-04-17,Credit Memo
DOC000187,VEND0691,2026-04-20,Credit Memo
DOC000188,VEND0629,2026-06-18,Journal Entry
DOC000189,VEND0117,2026-06-04,Payment
DOC000190,VEND0538,2026-05-31,Credit Memo
DOC000191,VEND0886,2026-08-02,Credit Memo
DOC000192,VEND0522,2026-06-08,Journal Entry
DOC000193,VEND0448,2026-03-25,Vendor Invoice
DOC000194,VEND0752,2026-05-01,Journal Entry
DOC000195,VEND0306,2026-07-21,Vendor Invoice
DOC000196,VEND0462,2026-07-06,Journal Entry
DOC000197,VEND0741,2026-06-29,Journal Entry
DOC000198,VEND0353,2026-02-27,Payment
DOC000199,VEND0732,2026-08-16,Credit Memo
DOC000200,VEND0839,2026-08-16,Vendor Invoice
DOC000201,VEND0899,2026-02-07,Payment
DOC000202,VEND0086,2026-01-26,Credit Memo
DOC000203,VEND0050,2026-08-18,Credit Memo
DOC000204,VEND0272,2026-01-17,Credit Memo
DOC000205,VEND0818,2026-07-25,Payment
DOC000206,VEND0921,2026-08-01,Vendor Invoice
DOC000207,VEND0486,2026-01-04,Journal Entry
DOC000208,VEND0669,2026-05-05,Vendor Invoice
DOC000209,VEND0429,2026-08-05,Payment
DOC000210,VEND0381,2026-01-09,Journal Entry
DOC000211,VEND0706,2026-07-01,Payment
DOC000212,VEND0687,2026-05-14,Payment
DOC000213,VEND0003,2026-06-20,Vendor Invoice
DOC000214,VEND0834,2026-01-07,Journal Entry
DOC000215,VEND0658,2026-03-08,Payment
DOC000216,VEND0105,2026-06-26,Payment
DOC000217,VEND0251,2026-03-02,Payment
DOC000218,VEND0203,2026-06-04,Credit Memo
DOC000219,VEND0049,2026-05-02,Vendor Invoice
DOC000220,VEND0106,2026-02-06,Payment
DOC000221,VEND0130,2026-05-08,Vendor Invoice
DOC000222,VEND0180,2026-02-08,Vendor Invoice
DOC000223,VEND0854,2026-08-22,Vendor Invoice
DOC000224,VEND0127,2026-07-04,Payment
DOC000225,VEND0836,2026-01-15,Journal Entry
DOC000226,VEND0548,2026-02-02,Journal Entry
DOC000227,VEND0974,2026-07-19,Credit Memo
DOC000228,VEND0707,2026-05-07,Credit Memo
DOC000229,VEND0001,2026-06-30,Payment
DOC000230,VEND0844,2026-05-09,Credit Memo
DOC000231,VEND0202,2026-05-04,Vendor Invoice
DOC000232,VEND0076,2026-06-06,Vendor Invoice
DOC000233,VEND0855,2026-05-20,Journal Entry
DOC000234,VEND0693,2026-02-06,Credit Memo
DOC000235,VEND0440,2026-01-06,Journal Entry
DOC000236,VEND0059,2026-03-22,Vendor Invoice
DOC000237,VEND0894,2026-02-01,Vendor Invoice
DOC000238,VEND0208,2026-03-07,Journal Entry
DOC000239,VEND0337,2026-06-10,Payment
DOC000240,VEND0947,2026-02-10,Credit Memo
DOC000241,VEND0870,2026-03-09,Journal Entry
DOC000242,VEND0158,2026-02-08,Payment
DOC000243,VEND0070,2026-04-20,Vendor Invoice
DOC000244,VEND0411,2026-02-22,Payment
DOC000245,VEND0106,2026-05-20,Payment
DOC000246,VEND0573,2026-01-17,Credit Memo
DOC000247,VEND0090,2026-02-24,Journal Entry
DOC000248,VEND0387,2026-03-27,Payment
DOC000249,VEND0277,2026-04-24,Vendor Invoice
DOC000250,VEND0282,2026-01-13,Journal Entry
DOC000251,VEND0355,2026-04-01,Vendor Invoice
DOC000252,VEND0320,2026-03-06,Vendor Invoice
DOC000253,VEND0650,2026-05-16,Vendor Invoice
DOC000254,VEND0844,2026-06-17,Credit Memo
DOC000255,VEND0731,2026-02-19,Payment
DOC000256,VEND0797,2026-03-28,Payment
DOC000257,VEND0512,2026-05-15,Credit Memo
DOC000258,VEND0754,2026-05-29,Credit Memo
DOC000259,VEND0855,2026-08-27,Vendor Invoice
DOC000260,VEND0051,2026-01-17,Credit Memo
DOC000261,VEND0423,2026-02-15,Vendor Invoice
DOC000262,VEND0747,2026-03-25,Journal Entry
DOC000263,VEND0606,2026-08-15,Payment
DOC000264,VEND0610,2026-05-02,Credit Memo
DOC000265,VEND0919,2026-06-02,Journal Entry
DOC000266,VEND0714,2026-07-31,Vendor Invoice
DOC000267,VEND0584,2026-07-16,Vendor Invoice
DOC000268,VEND0489,2026-07-02,Credit Memo
DOC000269,VEND0317,2026-04-28,Vendor Invoice
DOC000270,VEND0499,2026-07-02,Payment
DOC000271,VEND0812,2026-08-23,Vendor Invoice
DOC000272,VEND0669,2026-07-07,Journal Entry
DOC000273,VEND0522,2026-08-22,Credit Memo
DOC000274,VEND0840,2026-08-30,Payment
DOC000275,VEND0940,2026-08-12,Credit Memo
DOC000276,VEND0507,2026-07-16,Journal Entry
DOC000277,VEND0898,2026-01-26,Payment
DOC000278,VEND0854,2026-05-10,Credit Memo
DOC000279,VEND0954,2026-02-06,Payment
DOC000280,VEND0024,2026-02-28,Payment
DOC000281,VEND0156,2026-05-14,Payment
DOC000282,VEND0916,2026-04-18,Vendor Invoice
DOC000283,VEND0272,2026-08-16,Journal Entry
DOC000284,VEND0000,2026-03-10,Credit Memo
DOC000285,VEND0862,2026-03-07,Credit Memo
DOC000286,VEND0898,2026-06-11,Payment
DOC000287,VEND0773,2026-05-08,Payment
DOC000288,VEND0126,2026-02-10,Vendor Invoice
DOC000289,VEND0995,2026-02-25,Vendor Invoice
DOC000290,VEND0792,2026-02-21,Credit Memo
DOC000291,VEND0477,2026-08-28,Journal Entry
DOC000292,VEND0985,2026-05-26,Journal Entry
DOC000293,VEND0455,2026-01-25,Vendor Invoice
DOC000294,VEND0863,2026-01-19,Vendor Invoice
DOC000295,VEND0313,2026-08-11,Payment
DOC000296,VEND0636,2026-07-18,Payment
DOC000297,VEND0142,2026-07-16,Vendor Invoice
DOC000298,VEND0932,2026-06-09,Journal Entry
DOC000299,VEND0040,2026-07-06,Journal Entry
DOC000300,VEND0131,2026-06-02,Journal Entry
DOC000301,VEND0017,2026-04-28,Credit Memo
DOC000302,VEND0018,2026-06-15,Payment
DOC000303,VEND0604,2026-07-24,Credit Memo
DOC000304,VEND0880,2026-07-23,Vendor Invoice
DOC000305,VEND0806,2026-07-21,Journal Entry
DOC000306,VEND0558,2026-06-13,Payment
DOC000307,VEND0169,2026-07-09,Payment
DOC000308,VEND0267,2026-06-16,Payment
DOC000309,VEND0252,2026-02-12,Vendor Invoice
DOC000310,VEND0739,2026-08-10,Credit Memo
DOC000311,VEND0558,2026-06-08,Payment
DOC000312,VEND0511,2026-04-13,Vendor Invoice
DOC000313,VEND0880,2026-05-30,Payment
DOC000314,VEND0718,2026-07-19,Credit Memo
DOC000315,VEND0205,2026-05-26,Vendor Invoice
DOC000316,VEND0533,2026-07-11,Vendor Invoice
DOC000317,VEND0887,2026-03-26,Payment
DOC000318,VEND0268,2026-04-11,Credit Memo
DOC000319,VEND0257,2026-06-30,Payment
DOC000320,VEND0393,2026-06-15,Payment
DOC000321,VEND0384,2026-06-17,Vendor Invoice
DOC000322,VEND0685,2026-04-17,Payment
DOC000323,VEND0618,2026-01-02,Vendor Invoice
DOC000324,VEND0016,2026-04-17,Vendor Invoice
DOC000325,VEND0339,2026-04-24,Payment
DOC000326,VEND0748,2026-02-13,Credit Memo
DOC000327,VEND0261,2026-04-11,Journal Entry
DOC000328,VEND0534,2026-06-14,Journal Entry
DOC000329,VEND0724,2026-04-15,Payment
DOC000330,VEND0984,2026-04-18,Credit Memo
DOC000331,VEND0569,2026-04-26,Journal Entry
DOC000332,VEND0194,2026-08-13,Journal Entry
DOC000333,VEND0626,2026-08-06,Payment
DOC000334,VEND0491,2026-07-29,Journal Entry
DOC000335,VEND0907,2026-01-29,Vendor Invoice
DOC000336,VEND0565,2026-03-27,Vendor Invoice
DOC000337,VEND0757,2026-08-25,Journal Entry
DOC000338,VEND0081,2026-08-17,Credit Memo
DOC000339,VEND0868,2026-05-31,Journal Entry
DOC000340,VEND0679,2026-01-15,Payment
DOC000341,VEND0342,2026-08-16,Vendor Invoice
DOC000342,VEND0347,2026-02-14,Credit Memo
DOC000343,VEND0865,2026-07-16,Journal Entry
DOC000344,VEND0248,2026-07-18,Vendor Invoice
DOC000345,VEND0528,2026-02-19,Journal Entry
DOC000346,VEND0959,2026-01-05,Payment
DOC000347,VEND0918,2026-02-24,Journal Entry
DOC000348,VEND0508,2026-01-17,Vendor Invoice
DOC000349,VEND0002,2026-01-28,Journal Entry
DOC000350,VEND0182,2026-01-19,Vendor Invoice
DOC000351,VEND0164,2026-02-24,Credit Memo
DOC000352,VEND0266,2026-04-15,Vendor Invoice
DOC000353,VEND0799,2026-04-08,Vendor Invoice
DOC000354,VEND0394,2026-04-13,Journal Entry
DOC000355,VEND0342,2026-04-16,Journal Entry
DOC000356,VEND0994,2026-01-22,Payment
DOC000357,VEND0902,2026-07-17,Credit Memo
DOC000358,VEND0015,2026-03-26,Journal Entry
DOC000359,VEND0183,2026-05-05,Journal Entry
DOC000360,VEND0952,2026-02-01,Credit Memo
DOC000361,VEND0023,2026-05-31,Payment
DOC000362,VEND0027,2026-01-20,Journal Entry
DOC000363,VEND0343,2026-05-29,Payment
DOC000364,VEND0739,2026-04-10,Journal Entry
DOC000365,VEND0193,2026-06-03,Credit Memo
DOC000366,VEND0581,2026-06-03,Journal Entry
DOC000367,VEND0001,2026-03-19,Payment
DOC000368,VEND0159,2026-08-03,Journal Entry
DOC000369,VEND0905,2026-03-19,Payment
DOC000370,VEND0083,2026-07-17,Credit Memo
DOC000371,VEND0715,2026-08-29,Payment
DOC000372,VEND0693,2026-04-15,Vendor Invoice
DOC000373,VEND0252,2026-05-27,Payment
DOC000374,VEND0918,2026-02-27,Payment
DOC000375,VEND0260,2026-07-19,Credit Memo
DOC000376,VEND0860,2026-03-24,Journal Entry
DOC000377,VEND0411,2026-03-13,Credit Memo
DOC000378,VEND0499,2026-03-25,Journal Entry
DOC000379,VEND0086,2026-01-24,Credit Memo
DOC000380,VEND0110,2026-08-19,Journal Entry
DOC000381,VEND0146,2026-04-05,Vendor Invoice
DOC000382,VEND0613,2026-05-08,Journal Entry
DOC000383,VEND0408,2026-03-24,Payment
DOC000384,VEND0221,2026-07-16,Credit Memo
DOC000385,VEND0565,2026-05-22,Credit Memo
DOC000386,VEND0487,2026-07-26,Credit Memo
DOC000387,VEND0821,2026-07-31,Credit Memo
DOC000388,VEND0720,2026-03-26,Credit Memo
DOC000389,VEND0447,2026-03-27,Credit Memo
DOC000390,VEND0102,2026-02-21,Credit Memo
DOC000391,VEND0632,2026-05-16,Credit Memo
DOC000392,VEND0768,2026-03-04,Vendor Invoice
DOC000393,VEND0896,2026-03-13,Credit Memo
DOC000394,VEND0371,2026-02-28,Vendor Invoice
DOC000395,VEND0194,2026-02-25,Credit Memo
DOC000396,VEND0239,2026-01-12,Journal Entry
DOC000397,VEND0030,2026-05-12,Payment
DOC000398,VEND0094,2026-04-27,Credit Memo
DOC000399,VEND0726,2026-02-18,Vendor Invoice
DOC000400,VEND0989,2026-01-17,Journal Entry
DOC000401,VEND0414,2026-01-23,Credit Memo
DOC000402,VEND0531,2026-04-04,Vendor Invoice
DOC000403,VEND0013,2026-05-25,Payment
DOC000404,VEND0129,2026-04-17,Journal Entry
DOC000405,VEND0597,2026-08-07,Credit Memo
DOC000406,VEND0147,2026-06-12,Payment
DOC000407,VEND0671,2026-05-18,Credit Memo
DOC000408,VEND0588,2026-07-17,Credit Memo
DOC000409,VEND0132,2026-05-09,Payment
DOC000410,VEND0678,2026-02-26,Payment
DOC000411,VEND0506,2026-04-16,Journal Entry
DOC000412,VEND0022,2026-03-02,Journal Entry
DOC000413,VEND0703,2026-04-12,Journal Entry
DOC000414,VEND0002,2026-02-01,Payment
DOC000415,VEND0421,2026-06-12,Vendor Invoice
DOC000416,VEND0207,2026-02-20,Payment
DOC000417,VEND0202,2026-07-25,Journal Entry
DOC000418,VEND0775,2026-01-13,Journal Entry
DOC000419,VEND0126,2026-06-16,Payment
DOC000420,VEND0375,2026-05-07,Payment
DOC000421,VEND0537,2026-01-02,Payment
DOC000422,VEND0667,2026-03-17,Journal Entry
DOC000423,VEND0465,2026-06-11,Credit Memo
DOC000424,VEND0180,2026-08-19,Vendor Invoice
DOC000425,VEND0999,2026-03-29,Payment
DOC000426,VEND0503,2026-08-03,Journal Entry
DOC000427,VEND0317,2026-01-20,Vendor Invoice
DOC000428,VEND0215,2026-08-17,Credit Memo
DOC000429,VEND0168,2026-01-22,Payment
DOC000430,VEND0465,2026-02-06,Payment
DOC000431,VEND0133,2026-04-06,Credit Memo
DOC000432,VEND0925,2026-01-31,Vendor Invoice
DOC000433,VEND0039,2026-01-11,Payment
DOC000434,VEND0884,2026-06-12,Journal Entry
DOC000435,VEND0278,2026-07-30,Journal Entry
DOC000436,VEND0689,2026-02-24,Payment
DOC000437,VEND0755,2026-03-26,Journal Entry
DOC000438,VEND0123,2026-06-17,Credit Memo
DOC000439,VEND0384,2026-07-09,Credit Memo
DOC000440,VEND0320,2026-03-06,Credit Memo
DOC000441,VEND0027,2026-07-26,Journal Entry
DOC000442,VEND0450,2026-08-07,Vendor Invoice
DOC000443,VEND0925,2026-05-12,Journal Entry
DOC000444,VEND0384,2026-04-08,Credit Memo
DOC000445,VEND0273,2026-07-24,Vendor Invoice
DOC000446,VEND0252,2026-07-09,Vendor Invoice
DOC000447,VEND0144,2026-01-08,Journal Entry
DOC000448,VEND0296,2026-01-01,Payment
DOC000449,VEND0772,2026-08-03,Vendor Invoice
DOC000450,VEND0598,2026-06-13,Payment
DOC000451,VEND0000,2026-01-19,Credit Memo
DOC000452,VEND0226,2026-04-13,Vendor Invoice
DOC000453,VEND0677,2026-03-31,Credit Memo
DOC000454,VEND0191,2026-07-12,Journal Entry
DOC000455,VEND0534,2026-03-18,Vendor Invoice
DOC000456,VEND0175,2026-01-07,Payment
DOC000457,VEND0747,2026-08-04,Credit Memo
DOC000458,VEND0929,2026-01-24,Payment
DOC000459,VEND0466,2026-08-04,Credit Memo
DOC000460,VEND0024,2026-08-17,Credit Memo
DOC000461,VEND0377,2026-03-25,Payment
DOC000462,VEND0796,2026-03-09,Journal Entry
DOC000463,VEND0461,2026-04-12,Journal Entry
DOC000464,VEND0291,2026-05-07,Journal Entry
DOC000465,VEND0966,2026-03-18,Payment
DOC000466,VEND0227,2026-05-29,Journal Entry
DOC000467,VEND0829,2026-05-14,Credit Memo
DOC000468,VEND0378,2026-08-12,Payment
DOC000469,VEND0914,2026-06-02,Payment
DOC000470,VEND0418,2026-05-28,Vendor Invoice
DOC000471,VEND0992,2026-01-28,Journal Entry
DOC000472,VEND0192,2026-03-09,Vendor Invoice
DOC000473,VEND0333,2026-05-25,Vendor Invoice
DOC000474,VEND0368,2026-01-14,Payment
DOC000475,VEND0166,2026-06-20,Vendor Invoice
DOC000476,VEND0543,2026-08-07,Vendor Invoice
DOC000477,VEND0643,2026-04-05,Payment
DOC000478,VEND0194,2026-05-15,Credit Memo
DOC000479,VEND0482,2026-03-20,Vendor Invoice
DOC000480,VEND0685,2026-05-27,Payment
DOC000481,VEND0840,2026-04-26,Credit Memo
DOC000482,VEND0024,2026-08-29,Journal Entry
DOC000483,VEND0550,2026-02-19,Credit Memo
DOC000484,VEND0249,2026-01-24,Journal Entry
DOC000485,VEND0216,2026-08-11,Payment
DOC000486,VEND0026,2026-07-26,Credit Memo
DOC000487,VEND0136,2026-07-27,Credit Memo
DOC000488,VEND0204,2026-02-07,Payment
DOC000489,VEND0645,2026-06-06,Journal Entry
DOC000490,VEND0517,2026-02-28,Payment
DOC000491,VEND0469,2026-08-30,Journal Entry
DOC000492,VEND0684,2026-04-14,Vendor Invoice
DOC000493,VEND0626,2026-04-01,Journal Entry
DOC000494,VEND0868,2026-05-09,Vendor Invoice
DOC000495,VEND0928,2026-04-27,Payment
DOC000496,VEND0654,2026-05-01,Payment
DOC000497,VEND0968,2026-05-21,Credit Memo
DOC000498,VEND0399,2026-02-02,Vendor Invoice
DOC000499,VEND0390,2026-03-05,Vendor Invoice
DOC000500,VEND0138,2026-04-04,Payment
DOC000501,VEND0602,2026-06-14,Vendor Invoice
DOC000502,VEND0711,2026-01-26,Payment
DOC000503,VEND0760,2026-08-07,Credit Memo
DOC000504,VEND0648,2026-05-20,Credit Memo
DOC000505,VEND0267,2026-06-28,Payment
DOC000506,VEND0925,2026-05-05,Vendor Invoice
DOC000507,VEND0076,2026-06-27,Credit Memo
DOC000508,VEND0868,2026-02-28,Vendor Invoice
DOC000509,VEND0817,2026-07-03,Credit Memo
DOC000510,VEND0327,2026-02-18,Credit Memo
DOC000511,VEND0820,2026-03-04,Vendor Invoice
DOC000512,VEND0842,2026-01-31,Vendor Invoice
DOC000513,VEND0796,2026-06-15,Credit Memo
DOC000514,VEND0876,2026-05-31,Vendor Invoice
DOC000515,VEND0093,2026-01-13,Journal Entry
DOC000516,VEND0424,2026-05-10,Payment
DOC000517,VEND0704,2026-05-28,Vendor Invoice
DOC000518,VEND0008,2026-02-12,Payment
DOC000519,VEND0522,2026-08-12,Vendor Invoice
DOC000520,VEND0134,2026-07-22,Credit Memo
DOC000521,VEND0916,2026-05-08,Credit Memo
DOC000522,VEND0800,2026-05-08,Journal Entry
DOC000523,VEND0605,2026-02-16,Journal Entry
DOC000524,VEND0944,2026-01-27,Credit Memo
DOC000525,VEND0339,2026-05-24,Journal Entry
DOC000526,VEND0719,2026-08-13,Credit Memo
DOC000527,VEND0247,2026-08-22,Vendor Invoice
DOC000528,VEND0102,2026-08-22,Vendor Invoice
DOC000529,VEND0490,2026-08-04,Payment
DOC000530,VEND0026,2026-06-26,Credit Memo
DOC000531,VEND0163,2026-03-06,Payment
DOC000532,VEND0116,2026-04-10,Vendor Invoice
DOC000533,VEND0363,2026-05-26,Credit Memo
DOC000534,VEND0276,2026-02-03,Journal Entry
DOC000535,VEND0333,2026-04-13,Payment
DOC000536,VEND0383,2026-04-09,Payment
DOC000537,VEND0915,2026-04-22,Journal Entry
DOC000538,VEND0308,2026-06-06,Credit Memo
DOC000539,VEND0174,2026-05-04,Credit Memo
DOC000540,VEND0730,2026-04-14,Vendor Invoice
DOC000541,VEND0209,2026-02-10,Vendor Invoice
DOC000542,VEND0193,2026-03-14,Vendor Invoice
DOC000543,VEND0121,2026-08-27,Credit Memo
DOC000544,VEND0590,2026-07-23,Journal Entry
DOC000545,VEND0595,2026-06-21,Journal Entry
DOC000546,VEND0307,2026-05-28,Journal Entry
DOC000547,VEND0080,2026-02-12,Payment
DOC000548,VEND0742,2026-04-26,Credit Memo
DOC000549,VEND0660,2026-04-21,Credit Memo
DOC000550,VEND0438,2026-07-09,Vendor Invoice
DOC000551,VEND0452,2026-02-14,Journal Entry
DOC000552,VEND0792,2026-02-13,Credit Memo
DOC000553,VEND0229,2026-05-21,Payment
DOC000554,VEND0083,2026-02-17,Journal Entry
DOC000555,VEND0804,2026-08-20,Credit Memo
DOC000556,VEND0099,2026-01-22,Credit Memo
DOC000557,VEND0481,2026-08-15,Journal Entry
DOC000558,VEND0632,2026-01-21,Vendor Invoice
DOC000559,VEND0465,2026-03-25,Vendor Invoice
DOC000560,VEND0275,2026-04-08,Vendor Invoice
DOC000561,VEND0542,2026-06-20,Journal Entry
DOC000562,VEND0740,2026-03-15,Journal Entry
DOC000563,VEND0856,2026-03-26,Journal Entry
DOC000564,VEND0251,2026-08-22,Vendor Invoice
DOC000565,VEND0861,2026-04-14,Journal Entry
DOC000566,VEND0540,2026-08-17,Payment
DOC000567,VEND0001,2026-01-02,Vendor Invoice
DOC000568,VEND0074,2026-06-05,Vendor Invoice
DOC000569,VEND0208,2026-07-20,Credit Memo
DOC000570,VEND0268,2026-07-06,Credit Memo
DOC000571,VEND0144,2026-04-02,Payment
DOC000572,VEND0126,2026-07-20,Payment
DOC000573,VEND0871,2026-05-21,Payment
DOC000574,VEND0334,2026-01-15,Journal Entry
DOC000575,VEND0959,2026-03-14,Payment
DOC000576,VEND0867,2026-08-01,Vendor Invoice
DOC000577,VEND0757,2026-05-18,Journal Entry
DOC000578,VEND0825,2026-06-03,Vendor Invoice
DOC000579,VEND0993,2026-03-29,Credit Memo
DOC000580,VEND0864,2026-01-23,Credit Memo
DOC000581,VEND0162,2026-05-31,Vendor Invoice
DOC000582,VEND0851,2026-01-26,Credit Memo
DOC000583,VEND0236,2026-05-12,Vendor Invoice
DOC000584,VEND0279,2026-03-28,Credit Memo
DOC000585,VEND0949,2026-03-16,Journal Entry
DOC000586,VEND0338,2026-03-23,Journal Entry
DOC000587,VEND0634,2026-05-19,Credit Memo
DOC000588,VEND0146,2026-03-26,Payment
DOC000589,VEND0551,2026-03-18,Credit Memo
DOC000590,VEND0901,2026-02-26,Payment
DOC000591,VEND0551,2026-05-07,Credit Memo
DOC000592,VEND0209,2026-04-28,Journal Entry
DOC000593,VEND0594,2026-03-01,Payment
DOC000594,VEND0464,2026-02-18,Vendor Invoice
DOC000595,VEND0350,2026-05-17,Payment
DOC000596,VEND0810,2026-07-07,Credit Memo
DOC000597,VEND0330,2026-08-23,Journal Entry
DOC000598,VEND0509,2026-06-23,Vendor Invoice
DOC000599,VEND0395,2026-04-14,Payment
DOC000600,VEND0235,2026-03-11,Vendor Invoice
DOC000601,VEND0489,2026-07-20,Journal Entry
DOC000602,VEND0390,2026-04-15,Payment
DOC000603,VEND0014,2026-04-05,Credit Memo
DOC000604,VEND0215,2026-02-09,Vendor Invoice
DOC000605,VEND0873,2026-07-28,Payment
DOC000606,VEND0446,2026-05-31,Payment
DOC000607,VEND0379,2026-08-21,Vendor Invoice
DOC000608,VEND0343,2026-01-05,Payment
DOC000609,VEND0562,2026-01-04,Journal Entry
DOC000610,VEND0627,2026-08-30,Journal Entry
DOC000611,VEND0737,2026-05-29,Journal Entry
DOC000612,VEND0436,2026-04-08,Vendor Invoice
DOC000613,VEND0599,2026-05-06,Vendor Invoice
DOC000614,VEND0178,2026-01-18,Vendor Invoice
DOC000615,VEND0870,2026-06-09,Journal Entry
DOC000616,VEND0524,2026-04-18,Credit Memo
DOC000617,VEND0481,2026-05-14,Vendor Invoice
DOC000618,VEND0310,2026-05-13,Payment
DOC000619,VEND0666,2026-06-21,Payment
DOC000620,VEND0263,2026-07-16,Vendor Invoice
DOC000621,VEND0073,2026-03-14,Credit Memo
DOC000622,VEND0338,2026-07-13,Payment
DOC000623,VEND0848,2026-02-23,Journal Entry
DOC000624,VEND0794,2026-07-25,Vendor Invoice
DOC000625,VEND0472,2026-06-09,Credit Memo
DOC000626,VEND0715,2026-01-02,Payment
DOC000627,VEND0387,2026-04-02,Journal Entry
DOC000628,VEND0271,2026-03-17,Credit Memo
DOC000629,VEND0048,2026-05-17,Credit Memo
DOC000630,VEND0356,2026-03-18,Credit Memo
DOC000631,VEND0970,2026-04-18,Vendor Invoice
DOC000632,VEND0130,2026-03-23,Payment
DOC000633,VEND0210,2026-03-14,Vendor Invoice
DOC000634,VEND0823,2026-07-03,Vendor Invoice
DOC000635,VEND0745,2026-03-15,Credit Memo
DOC000636,VEND0533,2026-08-26,Payment
DOC000637,VEND0264,2026-03-29,Vendor Invoice
DOC000638,VEND0570,2026-02-13,Credit Memo
DOC000639,VEND0794,2026-02-04,Payment
DOC000640,VEND0342,2026-06-27,Payment
DOC000641,VEND0141,2026-08-05,Credit Memo
DOC000642,VEND0264,2026-02-24,Journal Entry
DOC000643,VEND0459,2026-02-05,Payment
DOC000644,VEND0863,2026-07-25,Payment
DOC000645,VEND0039,2026-02-28,Vendor Invoice
DOC000646,VEND0591,2026-06-11,Vendor Invoice
DOC000647,VEND0337,2026-03-14,Vendor Invoice
DOC000648,VEND0755,2026-05-30,Payment
DOC000649,VEND0359,2026-08-09,Credit Memo
DOC000650,VEND0300,2026-01-01,Credit Memo
DOC000651,VEND0780,2026-07-16,Journal Entry
DOC000652,VEND0860,2026-06-29,Vendor Invoice
DOC000653,VEND0579,2026-04-11,Vendor Invoice
DOC000654,VEND0608,2026-03-18,Journal Entry
DOC000655,VEND0780,2026-06-16,Journal Entry
DOC000656,VEND0226,2026-05-28,Credit Memo
DOC000657,VEND0021,2026-01-18,Vendor Invoice
DOC000658,VEND0599,2026-04-13,Vendor Invoice
DOC000659,VEND0190,2026-08-11,Credit Memo
DOC000660,VEND0202,2026-03-16,Payment
DOC000661,VEND0605,2026-08-03,Payment
DOC000662,VEND0070,2026-06-17,Credit Memo
DOC000663,VEND0056,2026-08-24,Journal Entry
DOC000664,VEND0908,2026-07-23,Payment
DOC000665,VEND0330,2026-01-02,Vendor Invoice
DOC000666,VEND0280,2026-06-27,Journal Entry
DOC000667,VEND0462,2026-01-26,Vendor Invoice
DOC000668,VEND0032,2026-07-29,Credit Memo
DOC000669,VEND0675,2026-01-24,Journal Entry
DOC000670,VEND0521,2026-06-19,Vendor Invoice
DOC000671,VEND0527,2026-01-04,Vendor Invoice
DOC000672,VEND0785,2026-07-23,Vendor Invoice
DOC000673,VEND0316,2026-06-10,Vendor Invoice
DOC000674,VEND0409,2026-06-09,Journal Entry
DOC000675,VEND0555,2026-01-17,Vendor Invoice
DOC000676,VEND0490,2026-07-14,Journal Entry
DOC000677,VEND0228,2026-03-20,Journal Entry
DOC000678,VEND0857,2026-04-29,Vendor Invoice
DOC000679,VEND0668,2026-07-10,Payment
DOC000680,VEND0331,2026-07-26,Vendor Invoice
DOC000681,VEND0637,2026-08-07,Payment
DOC000682,VEND0956,2026-07-03,Vendor Invoice
DOC000683,VEND0396,2026-06-08,Vendor Invoice
DOC000684,VEND0221,2026-06-04,Journal Entry
DOC000685,VEND0323,2026-02-02,Credit Memo
DOC000686,VEND0943,2026-07-21,Payment
DOC000687,VEND0557,2026-07-07,Credit Memo
DOC000688,VEND0840,2026-08-13,Payment
DOC000689,VEND0031,2026-05-01,Vendor Invoice
DOC000690,VEND0321,2026-03-02,Payment
DOC000691,VEND0187,2026-03-29,Payment
DOC000692,VEND0960,2026-02-19,Payment
DOC000693,VEND0712,2026-01-28,Credit Memo
DOC000694,VEND0781,2026-05-02,Journal Entry
DOC000695,VEND0480,2026-01-14,Payment
DOC000696,VEND0937,2026-03-08,Payment
DOC000697,VEND0949,2026-02-22,Payment
DOC000698,VEND0352,2026-06-03,Credit Memo
DOC000699,VEND0743,2026-04-12,Credit Memo
DOC000700,VEND0728,2026-05-29,Credit Memo
DOC000701,VEND0335,2026-02-04,Credit Memo
DOC000702,VEND0807,2026-01-07,Payment
DOC000703,VEND0840,2026-02-01,Vendor Invoice
DOC000704,VEND0113,2026-08-04,Journal Entry
DOC000705,VEND0475,2026-05-30,Payment
DOC000706,VEND0669,2026-05-20,Credit Memo
DOC000707,VEND0047,2026-01-05,Vendor Invoice
DOC000708,VEND0704,2026-04-20,Journal Entry
DOC000709,VEND0563,2026-02-23,Journal Entry
DOC000710,VEND0930,2026-07-18,Vendor Invoice
DOC000711,VEND0460,2026-04-18,Credit Memo
DOC000712,VEND0194,2026-04-03,Payment
DOC000713,VEND0502,2026-07-05,Credit Memo
DOC000714,VEND0942,2026-07-07,Vendor Invoice
DOC000715,VEND0741,2026-04-05,Journal Entry
DOC000716,VEND0704,2026-08-14,Vendor Invoice
DOC000717,VEND0709,2026-04-29,Vendor Invoice
DOC000718,VEND0695,2026-01-21,Payment
DOC000719,VEND0772,2026-07-17,Payment
DOC000720,VEND0754,2026-08-24,Vendor Invoice
DOC000721,VEND0946,2026-08-21,Vendor Invoice
DOC000722,VEND0531,2026-07-28,Credit Memo
DOC000723,VEND0067,2026-08-15,Vendor Invoice
DOC000724,VEND0949,2026-02-24,Journal Entry
DOC000725,VEND0318,2026-08-25,Credit Memo
DOC000726,VEND0263,2026-07-15,Payment
DOC000727,VEND0421,2026-06-20,Vendor Invoice
DOC000728,VEND0645,2026-02-10,Vendor Invoice
DOC000729,VEND0019,2026-07-16,Payment
DOC000730,VEND0193,2026-02-03,Payment
DOC000731,VEND0207,2026-05-05,Payment
DOC000732,VEND0648,2026-03-20,Credit Memo
DOC000733,VEND0972,2026-05-05,Journal Entry
DOC000734,VEND0274,2026-07-05,Credit Memo
DOC000735,VEND0036,2026-04-28,Credit Memo
DOC000736,VEND0728,2026-02-01,Credit Memo
DOC000737,VEND0207,2026-08-14,Payment
DOC000738,VEND0121,2026-02-22,Vendor Invoice
DOC000739,VEND0362,2026-02-17,Credit Memo
DOC000740,VEND0240,2026-08-26,Credit Memo
DOC000741,VEND0468,2026-01-06,Payment
DOC000742,VEND0715,2026-01-21,Payment
DOC000743,VEND0037,2026-08-12,Payment
DOC000744,VEND0092,2026-06-04,Journal Entry
DOC000745,VEND0497,2026-01-07,Vendor Invoice
DOC000746,VEND0608,2026-02-21,Vendor Invoice
DOC000747,VEND0314,2026-07-29,Vendor Invoice
DOC000748,VEND0249,2026-03-04,Vendor Invoice
DOC000749,VEND0633,2026-06-20,Payment
DOC000750,VEND0300,2026-08-03,Payment
DOC000751,VEND0591,2026-07-04,Payment
DOC000752,VEND0067,2026-03-16,Credit Memo
DOC000753,VEND0709,2026-01-09,Journal Entry
DOC000754,VEND0333,2026-06-10,Journal Entry
DOC000755,VEND0399,2026-04-26,Journal Entry
DOC000756,VEND0818,2026-05-16,Vendor Invoice
DOC000757,VEND0240,2026-01-02,Journal Entry
DOC000758,VEND0179,2026-03-31,Journal Entry
DOC000759,VEND0421,2026-02-15,Credit Memo
DOC000760,VEND0071,2026-02-25,Payment
DOC000761,VEND0411,2026-07-05,Credit Memo
DOC000762,VEND0552,2026-01-08,Journal Entry
DOC000763,VEND0505,2026-01-27,Credit Memo
DOC000764,VEND0186,2026-06-10,Credit Memo
DOC000765,VEND0342,2026-08-24,Credit Memo
DOC000766,VEND0114,2026-06-20,Credit Memo
DOC000767,VEND0853,2026-03-16,Payment
DOC000768,VEND0072,2026-07-06,Payment
DOC000769,VEND0856,2026-01-04,Journal Entry
DOC000770,VEND0279,2026-01-14,Payment
DOC000771,VEND0148,2026-03-14,Journal Entry
DOC000772,VEND0638,2026-04-26,Credit Memo
DOC000773,VEND0251,2026-04-12,Vendor Invoice
DOC000774,VEND0211,2026-01-21,Vendor Invoice
DOC000775,VEND0726,2026-01-08,Journal Entry
DOC000776,VEND0495,2026-08-12,Payment
DOC000777,VEND0916,2026-08-26,Payment
DOC000778,VEND0837,2026-04-19,Journal Entry
DOC000779,VEND0379,2026-01-05,Payment
DOC000780,VEND0042,2026-04-03,Journal Entry
DOC000781,VEND0854,2026-08-01,Payment
DOC000782,VEND0954,2026-08-29,Payment
DOC000783,VEND0365,2026-02-12,Payment
DOC000784,VEND0523,2026-01-11,Journal Entry
DOC000785,VEND0602,2026-01-23,Journal Entry
DOC000786,VEND0832,2026-08-05,Payment
DOC000787,VEND0799,2026-06-17,Credit Memo
DOC000788,VEND0267,2026-03-08,Credit Memo
DOC000789,VEND0996,2026-08-06,Journal Entry
DOC000790,VEND0384,2026-05-22,Payment
DOC000791,VEND0246,2026-01-17,Credit Memo
DOC000792,VEND0029,2026-02-11,Journal Entry
DOC000793,VEND0341,2026-08-17,Vendor Invoice
DOC000794,VEND0101,2026-07-18,Journal Entry
DOC000795,VEND0162,2026-01-27,Payment
DOC000796,VEND0593,2026-01-06,Credit Memo
DOC000797,VEND0459,2026-03-24,Journal Entry
DOC000798,VEND0306,2026-07-10,Journal Entry
DOC000799,VEND0167,2026-04-16,Vendor Invoice
DOC000800,VEND0784,2026-02-28,Journal Entry
DOC000801,VEND0286,2026-01-18,Journal Entry
DOC000802,VEND0891,2026-05-14,Payment
DOC000803,VEND0898,2026-02-17,Vendor Invoice
DOC000804,VEND0300,2026-05-25,Journal Entry
DOC000805,VEND0624,2026-07-19,Journal Entry
DOC000806,VEND0008,2026-06-02,Credit Memo
DOC000807,VEND0984,2026-01-10,Payment
DOC000808,VEND0194,2026-02-19,Credit Memo
DOC000809,VEND0114,2026-04-28,Vendor Invoice
DOC000810,VEND0872,2026-08-06,Credit Memo
DOC000811,VEND0691,2026-04-09,Journal Entry
DOC000812,VEND0342,2026-06-03,Credit Memo
DOC000813,VEND0210,2026-03-07,Credit Memo
DOC000814,VEND0198,2026-06-05,Journal Entry
DOC000815,VEND0655,2026-08-01,Payment
DOC000816,VEND0032,2026-02-20,Vendor Invoice
DOC000817,VEND0552,2026-06-09,Journal Entry
DOC000818,VEND0360,2026-01-29,Journal Entry
DOC000819,VEND0569,2026-05-27,Vendor Invoice
DOC000820,VEND0325,2026-01-09,Payment
DOC000821,VEND0948,2026-06-06,Payment
DOC000822,VEND0660,2026-06-15,Credit Memo
DOC000823,VEND0901,2026-02-27,Credit Memo
DOC000824,VEND0449,2026-06-07,Journal Entry
DOC000825,VEND0621,2026-04-21,Payment
DOC000826,VEND0243,2026-07-29,Credit Memo
DOC000827,VEND0827,2026-07-26,Vendor Invoice
DOC000828,VEND0337,2026-08-11,Credit Memo
DOC000829,VEND0888,2026-01-08,Vendor Invoice
DOC000830,VEND0185,2026-03-01,Journal Entry
DOC000831,VEND0743,2026-03-01,Vendor Invoice
DOC000832,VEND0506,2026-07-16,Journal Entry
DOC000833,VEND0092,2026-03-18,Payment
DOC000834,VEND0567,2026-01-11,Journal Entry
DOC000835,VEND0469,2026-02-12,Credit Memo
DOC000836,VEND0307,2026-07-15,Journal Entry
DOC000837,VEND0735,2026-04-08,Journal Entry
DOC000838,VEND0256,2026-06-10,Journal Entry
DOC000839,VEND0965,2026-07-04,Vendor Invoice
DOC000840,VEND0872,2026-02-06,Journal Entry
DOC000841,VEND0727,2026-01-05,Vendor Invoice
DOC000842,VEND0813,2026-03-07,Payment
DOC000843,VEND0115,2026-01-01,Payment
DOC000844,VEND0875,2026-01-21,Vendor Invoice
DOC000845,VEND0148,2026-03-17,Credit Memo
DOC000846,VEND0584,2026-04-29,Payment
DOC000847,VEND0589,2026-04-25,Vendor Invoice
DOC000848,VEND0296,2026-02-03,Credit Memo
DOC000849,VEND0968,2026-04-30,Payment
DOC000850,VEND0507,2026-02-10,Payment
DOC000851,VEND0056,2026-01-06,Vendor Invoice
DOC000852,VEND0756,2026-06-18,Payment
DOC000853,VEND0051,2026-06-23,Payment
DOC000854,VEND0310,2026-02-23,Vendor Invoice
DOC000855,VEND0943,2026-05-03,Payment
DOC000856,VEND0167,2026-07-29,Payment
DOC000857,VEND0594,2026-06-03,Vendor Invoice
DOC000858,VEND0378,2026-06-22,Journal Entry
DOC000859,VEND0796,2026-08-16,Vendor Invoice
DOC000860,VEND0047,2026-01-26,Payment
DOC000861,VEND0857,2026-04-27,Credit Memo
DOC000862,VEND0353,2026-03-28,Payment
DOC000863,VEND0390,2026-01-22,Payment
DOC000864,VEND0238,2026-08-11,Vendor Invoice
DOC000865,VEND0237,2026-08-05,Journal Entry
DOC000866,VEND0845,2026-04-29,Vendor Invoice
DOC000867,VEND0081,2026-03-15,Credit Memo
DOC000868,VEND0720,2026-03-25,Journal Entry
DOC000869,VEND0612,2026-01-07,Vendor Invoice
DOC000870,VEND0609,2026-08-09,Credit Memo
DOC000871,VEND0579,2026-05-21,Journal Entry
DOC000872,VEND0105,2026-08-11,Payment
DOC000873,VEND0749,2026-08-23,Journal Entry
DOC000874,VEND0413,2026-07-10,Journal Entry
DOC000875,VEND0841,2026-01-27,Payment
DOC000876,VEND0097,2026-01-23,Payment
DOC000877,VEND0665,2026-03-31,Credit Memo
DOC000878,VEND0300,2026-06-07,Vendor Invoice
DOC000879,VEND0488,2026-02-25,Credit Memo
DOC000880,VEND0857,2026-06-11,Journal Entry
DOC000881,VEND0041,2026-05-06,Journal Entry
DOC000882,VEND0666,2026-05-13,Journal Entry
DOC000883,VEND0692,2026-01-21,Payment
DOC000884,VEND0197,2026-05-29,Payment
DOC000885,VEND0954,2026-06-07,Credit Memo
DOC000886,VEND0058,2026-01-19,Credit Memo
DOC000887,VEND0298,2026-07-24,Journal Entry
DOC000888,VEND0111,2026-07-16,Credit Memo
DOC000889,VEND0402,2026-07-28,Payment
DOC000890,VEND0982,2026-08-27,Vendor Invoice
DOC000891,VEND0578,2026-04-02,Credit Memo
DOC000892,VEND0820,2026-01-07,Journal Entry
DOC000893,VEND0951,2026-08-13,Payment
DOC000894,VEND0422,2026-05-24,Vendor Invoice
DOC000895,VEND0475,2026-03-21,Journal Entry
DOC000896,VEND0684,2026-04-26,Vendor Invoice
DOC000897,VEND0643,2026-02-18,Vendor Invoice
DOC000898,VEND0875,2026-04-05,Payment
DOC000899,VEND0197,2026-07-15,Payment
DOC000900,VEND0996,2026-04-18,Journal Entry
DOC000901,VEND0806,2026-08-15,Journal Entry
DOC000902,VEND0704,2026-04-22,Vendor Invoice
DOC000903,VEND0281,2026-03-15,Credit Memo
DOC000904,VEND0438,2026-03-10,Credit Memo
DOC000905,VEND0240,2026-04-16,Payment
DOC000906,VEND0105,2026-01-22,Payment
DOC000907,VEND0898,2026-02-27,Payment
DOC000908,VEND0196,2026-03-25,Vendor Invoice
DOC000909,VEND0736,2026-03-20,Vendor Invoice
DOC000910,VEND0644,2026-03-31,Payment
DOC000911,VEND0911,2026-08-02,Payment
DOC000912,VEND0931,2026-06-04,Journal Entry
DOC000913,VEND0423,2026-05-07,Vendor Invoice
DOC000914,VEND0955,2026-08-24,Credit Memo
DOC000915,VEND0027,2026-03-16,Payment
DOC000916,VEND0776,2026-04-22,Payment
DOC000917,VEND0845,2026-06-09,Journal Entry
DOC000918,VEND0204,2026-01-06,Journal Entry
DOC000919,VEND0858,2026-07-31,Credit Memo
DOC000920,VEND0232,2026-06-27,Vendor Invoice
DOC000921,VEND0057,2026-07-05,Payment
DOC000922,VEND0037,2026-02-16,Journal Entry
DOC000923,VEND0780,2026-05-21,Credit Memo
DOC000924,VEND0271,2026-02-04,Credit Memo
DOC000925,VEND0873,2026-07-01,Vendor Invoice
DOC000926,VEND0244,2026-06-12,Credit Memo
DOC000927,VEND0353,2026-02-15,Credit Memo
DOC000928,VEND0922,2026-04-15,Credit Memo
DOC000929,VEND0460,2026-08-29,Journal Entry
DOC000930,VEND0532,2026-02-04,Vendor Invoice
DOC000931,VEND0860,2026-05-19,Credit Memo
DOC000932,VEND0074,2026-03-14,Vendor Invoice
DOC000933,VEND0542,2026-03-05,Credit Memo
DOC000934,VEND0751,2026-04-12,Journal Entry
DOC000935,VEND0578,2026-02-24,Vendor Invoice
DOC000936,VEND0717,2026-01-01,Payment
DOC000937,VEND0643,2026-01-20,Payment
DOC000938,VEND0917,2026-01-20,Journal Entry
DOC000939,VEND0730,2026-05-16,Vendor Invoice
DOC000940,VEND0523,2026-03-23,Vendor Invoice
DOC000941,VEND0932,2026-02-17,Vendor Invoice
DOC000942,VEND0647,2026-02-21,Journal Entry
DOC000943,VEND0653,2026-06-23,Vendor Invoice
DOC000944,VEND0298,2026-03-25,Vendor Invoice
DOC000945,VEND0033,2026-08-01,Payment
DOC000946,VEND0409,2026-01-17,Payment
DOC000947,VEND0883,2026-02-22,Vendor Invoice
DOC000948,VEND0053,2026-03-12,Vendor Invoice
DOC000949,VEND0571,2026-06-16,Payment
DOC000950,VEND0297,2026-04-28,Journal Entry
DOC000951,VEND0920,2026-03-11,Journal Entry
DOC000952,VEND0673,2026-08-27,Payment
DOC000953,VEND0892,2026-03-07,Payment
DOC000954,VEND0533,2026-01-14,Credit Memo
DOC000955,VEND0499,2026-04-22,Credit Memo
DOC000956,VEND0887,2026-07-03,Payment
DOC000957,VEND0833,2026-04-16,Payment
DOC000958,VEND0621,2026-04-06,Payment
DOC000959,VEND0651,2026-08-13,Credit Memo
DOC000960,VEND0685,2026-01-28,Vendor Invoice
DOC000961,VEND0311,2026-06-26,Journal Entry
DOC000962,VEND0361,2026-02-04,Journal Entry
DOC000963,VEND0701,2026-07-05,Payment
DOC000964,VEND0633,2026-04-14,Vendor Invoice
DOC000965,VEND0438,2026-06-11,Journal Entry
DOC000966,VEND0783,2026-05-18,Journal Entry
DOC000967,VEND0302,2026-06-19,Journal Entry
DOC000968,VEND0144,2026-02-21,Vendor Invoice
DOC000969,VEND0293,2026-03-05,Vendor Invoice
DOC000970,VEND0612,2026-05-04,Payment
DOC000971,VEND0899,2026-03-27,Credit Memo
DOC000972,VEND0696,2026-05-25,Vendor Invoice
DOC000973,VEND0429,2026-03-13,Payment
DOC000974,VEND0536,2026-02-28,Credit Memo
DOC000975,VEND0334,2026-04-06,Journal Entry
DOC000976,VEND0865,2026-08-03,Payment
DOC000977,VEND0104,2026-07-30,Journal Entry
DOC000978,VEND0755,2026-07-27,Credit Memo
DOC000979,VEND0714,2026-03-30,Credit Memo
DOC000980,VEND0228,2026-01-28,Credit Memo
DOC000981,VEND0935,2026-07-15,Payment
DOC000982,VEND0650,2026-03-28,Journal Entry
DOC000983,VEND0751,2026-07-02,Journal Entry
DOC000984,VEND0490,2026-07-13,Payment
DOC000985,VEND0850,2026-04-20,Payment
DOC000986,VEND0330,2026-06-15,Vendor Invoice
DOC000987,VEND0016,2026-01-26,Payment
DOC000988,VEND0160,2026-08-02,Journal Entry
DOC000989,VEND0140,2026-04-30,Vendor Invoice
DOC000990,VEND0371,2026-02-23,Vendor Invoice
DOC000991,VEND0059,2026-07-16,Journal Entry
DOC000992,VEND0525,2026-08-20,Credit Memo
DOC000993,VEND0600,2026-07-07,Credit Memo
DOC000994,VEND0379,2026-02-13,Payment
DOC000995,VEND0813,2026-06-01,Vendor Invoice
DOC000996,VEND0873,2026-03-01,Journal Entry
DOC000997,VEND0179,2026-01-29,Vendor Invoice
DOC000998,VEND0828,2026-01-14,Payment
DOC000999,VEND0333,2026-07-25,Journal Entry
