order_id,material_id,item_number,quantity,amount
SO00000,MAT0060,10,98,14896.98
SO00000,MAT0056,20,741,329285.58
SO00000,MAT0182,30,632,159548.4
SO00000,MAT0024,40,250,97857.5
SO00000,MAT0048,50,815,170049.75
SO00001,MAT0119,10,555,59940.0
SO00001,MAT0042,20,437,174192.57
SO00002,MAT0093,10,782,99274.9
SO00003,MAT0125,10,424,79194.72
SO00003,MAT0165,20,957,187380.6
SO00004,MAT0185,10,317,109399.87
SO00004,MAT0089,20,543,140783.61
SO00005,MAT0152,10,987,326361.42
SO00006,MAT0166,10,476,187087.04
SO00007,MAT0048,10,930,194044.5
SO00007,MAT0126,20,400,95664.0
SO00007,MAT0132,30,500,37805.0
SO00007,MAT0062,40,720,168681.6
SO00007,MAT0154,50,491,74101.72
SO00008,MAT0169,10,348,52026.0
SO00008,MAT0073,20,687,128956.77
SO00009,MAT0148,10,746,349224.98
SO00009,MAT0177,20,499,143991.44
SO00009,MAT0130,30,187,22686.84
SO00009,MAT0068,40,319,148207.4
SO00010,MAT0161,10,623,266064.61
SO00010,MAT0105,20,485,167436.55
SO00011,MAT0014,10,54,16245.36
SO00011,MAT0084,20,650,201142.5
SO00011,MAT0017,30,188,20625.48
SO00011,MAT0194,40,690,339838.8
SO00011,MAT0035,50,495,34942.05
SO00012,MAT0042,10,754,300551.94
SO00012,MAT0019,20,496,40334.72
SO00013,MAT0072,10,632,228701.84
SO00013,MAT0164,20,645,105199.5
SO00013,MAT0047,30,626,69924.2
SO00014,MAT0074,10,972,179013.24
SO00014,MAT0150,20,942,364073.58
SO00014,MAT0001,30,150,48298.5
SO00014,MAT0064,40,610,297551.9
SO00015,MAT0158,10,469,79805.04
SO00015,MAT0054,20,858,160488.9
SO00016,MAT0029,10,380,14945.4
SO00016,MAT0038,20,52,11375.0
SO00016,MAT0056,30,669,297290.22
SO00017,MAT0127,10,500,231445.0
SO00017,MAT0186,20,364,175160.44
SO00017,MAT0140,30,662,72515.48
SO00017,MAT0168,40,710,252263.0
SO00017,MAT0057,50,381,158202.63
SO00018,MAT0088,10,1000,475780.0
SO00019,MAT0125,10,410,76579.8
SO00020,MAT0094,10,850,238204.0
SO00020,MAT0114,20,83,6867.42
SO00020,MAT0130,30,910,110401.2
SO00020,MAT0196,40,391,158327.63
SO00020,MAT0034,50,893,436078.69
SO00021,MAT0166,10,995,391074.8
SO00021,MAT0000,20,801,379593.9
SO00022,MAT0157,10,334,35103.4
SO00022,MAT0156,20,565,250215.9
SO00023,MAT0080,10,605,249750.05
SO00023,MAT0064,20,493,240480.47
SO00024,MAT0060,10,426,64756.26
SO00024,MAT0050,20,657,293041.71
SO00024,MAT0138,30,234,46704.06
SO00024,MAT0017,40,656,71969.76
SO00025,MAT0077,10,691,238401.91
SO00026,MAT0143,10,312,144515.28
SO00027,MAT0069,10,373,147469.28
SO00028,MAT0023,10,574,115253.46
SO00029,MAT0175,10,440,93183.2
SO00029,MAT0155,20,55,26777.3
SO00029,MAT0115,30,385,121894.85
SO00029,MAT0185,40,406,140114.66
SO00030,MAT0198,10,590,180911.7
SO00030,MAT0101,20,238,10424.4
SO00030,MAT0094,30,495,138718.8
SO00031,MAT0047,10,223,24909.1
SO00031,MAT0126,20,633,151388.28
SO00031,MAT0039,30,863,59676.45
SO00031,MAT0111,40,735,14964.6
SO00032,MAT0032,10,503,159727.65
SO00032,MAT0024,20,69,27008.67
SO00033,MAT0063,10,647,81483.18
SO00033,MAT0054,20,61,11410.05
SO00033,MAT0120,30,200,9506.0
SO00034,MAT0132,10,573,43324.53
SO00035,MAT0127,10,485,224501.65
SO00035,MAT0087,20,89,14331.67
SO00035,MAT0122,30,586,206272.0
SO00035,MAT0068,40,531,246702.6
SO00036,MAT0079,10,399,67383.12
SO00037,MAT0125,10,367,68548.26
SO00037,MAT0157,20,438,46033.8
SO00038,MAT0090,10,213,8496.57
SO00039,MAT0088,10,864,411073.92
SO00039,MAT0189,20,29,434.42
SO00039,MAT0071,30,955,99062.15
SO00039,MAT0007,40,186,20244.24
SO00040,MAT0007,10,649,70637.16
SO00041,MAT0038,10,605,132343.75
SO00041,MAT0178,20,418,172596.38
SO00042,MAT0064,10,721,351696.59
SO00042,MAT0061,20,421,183955.95
SO00043,MAT0049,10,794,339260.32
SO00043,MAT0122,20,994,349888.0
SO00043,MAT0031,30,746,65066.12
SO00043,MAT0128,40,575,176588.25
SO00043,MAT0196,50,596,241338.28
SO00044,MAT0139,10,713,295246.17
SO00045,MAT0029,10,820,32250.6
SO00046,MAT0148,10,380,177889.4
SO00046,MAT0062,20,969,227017.32
SO00046,MAT0165,30,516,101032.8
SO00046,MAT0075,40,348,32019.48
SO00046,MAT0062,50,903,211554.84
SO00047,MAT0140,10,947,103734.38
SO00047,MAT0044,20,935,126692.5
SO00047,MAT0023,30,707,141958.53
SO00047,MAT0080,40,20,8256.2
SO00048,MAT0167,10,897,400429.77
SO00048,MAT0045,20,504,163517.76
SO00048,MAT0182,30,886,223670.7
SO00048,MAT0133,40,565,258736.1
SO00048,MAT0102,50,804,291160.56
SO00049,MAT0112,10,147,36545.67
SO00050,MAT0034,10,672,328157.76
SO00050,MAT0136,20,92,19738.6
SO00051,MAT0160,10,583,252660.54
SO00051,MAT0004,20,285,123872.4
SO00051,MAT0152,30,825,272794.5
SO00051,MAT0037,40,2,868.66
SO00051,MAT0007,50,300,32652.0
SO00052,MAT0149,10,386,119687.02
SO00052,MAT0013,20,254,117081.3
SO00052,MAT0130,30,450,54594.0
SO00052,MAT0149,40,280,86819.6
SO00053,MAT0164,10,119,19408.9
SO00054,MAT0109,10,379,87564.16
SO00054,MAT0087,20,759,122221.77
SO00054,MAT0144,30,582,252326.1
SO00055,MAT0059,10,771,240798.72
SO00056,MAT0044,10,2,271.0
SO00056,MAT0011,20,356,5400.52
SO00056,MAT0164,30,114,18593.4
SO00056,MAT0146,40,693,262515.33
SO00057,MAT0101,10,195,8541.0
SO00057,MAT0005,20,166,59112.6
SO00057,MAT0085,30,941,67074.48
SO00057,MAT0063,40,243,30603.42
SO00057,MAT0140,50,770,84345.8
SO00058,MAT0185,10,12,4141.32
SO00058,MAT0000,20,67,31751.3
SO00059,MAT0000,10,44,20851.6
SO00059,MAT0133,20,29,13280.26
SO00059,MAT0156,30,59,26128.74
SO00059,MAT0073,40,507,95168.97
SO00059,MAT0099,50,835,205577.0
SO00060,MAT0045,10,898,291347.12
SO00060,MAT0197,20,384,127349.76
SO00060,MAT0107,30,850,2329.0
SO00060,MAT0156,40,180,79714.8
SO00060,MAT0142,50,604,156230.64
SO00061,MAT0106,10,806,303402.58
SO00061,MAT0001,20,55,17709.45
SO00062,MAT0038,10,995,217656.25
SO00062,MAT0019,20,122,9921.04
SO00062,MAT0058,30,883,136193.92
SO00062,MAT0164,40,307,50071.7
SO00063,MAT0061,10,804,351307.8
SO00063,MAT0129,20,661,301389.56
SO00063,MAT0034,30,122,59576.26
SO00063,MAT0142,40,37,9570.42
SO00064,MAT0180,10,188,20836.04
SO00064,MAT0153,20,452,102016.4
SO00064,MAT0016,30,797,69514.34
SO00064,MAT0103,40,658,292224.38
SO00064,MAT0125,50,105,19611.9
SO00065,MAT0183,10,393,111737.76
SO00065,MAT0009,20,322,9486.12
SO00065,MAT0010,30,670,151822.0
SO00065,MAT0034,40,921,449751.93
SO00066,MAT0017,10,641,70324.11
SO00066,MAT0111,20,786,16002.96
SO00066,MAT0153,30,35,7899.5
SO00066,MAT0180,40,535,59294.05
SO00067,MAT0076,10,284,54317.84
SO00067,MAT0010,20,518,117378.8
SO00067,MAT0005,30,247,87956.7
SO00067,MAT0195,40,677,43497.25
SO00068,MAT0055,10,232,3104.16
SO00068,MAT0188,20,181,78617.35
SO00068,MAT0181,30,910,395904.6
SO00068,MAT0045,40,757,245601.08
SO00068,MAT0008,50,266,47228.3
SO00069,MAT0064,10,774,377549.46
SO00069,MAT0029,20,265,10422.45
SO00069,MAT0092,30,63,22130.64
SO00070,MAT0112,10,702,174524.22
SO00071,MAT0141,10,319,131635.35
SO00071,MAT0049,20,54,23073.12
SO00071,MAT0174,30,624,113037.6
SO00071,MAT0006,40,116,3938.2
SO00072,MAT0123,10,460,168668.2
SO00072,MAT0011,20,168,2548.56
SO00072,MAT0067,30,954,462890.34
SO00072,MAT0079,40,372,62823.36
SO00073,MAT0182,10,341,86085.45
SO00073,MAT0086,20,758,224413.48
SO00074,MAT0181,10,213,92667.78
SO00074,MAT0138,20,175,34928.25
SO00074,MAT0034,30,514,251001.62
SO00075,MAT0194,10,717,353136.84
SO00075,MAT0162,20,810,80449.2
SO00076,MAT0071,10,54,5601.42
SO00076,MAT0194,20,287,141353.24
SO00076,MAT0101,30,554,24265.2
SO00076,MAT0129,40,912,415835.52
SO00077,MAT0176,10,6,2592.84
SO00077,MAT0155,20,415,202046.9
SO00077,MAT0004,30,406,176463.84
SO00078,MAT0003,10,13,830.18
SO00078,MAT0096,20,915,298335.75
SO00078,MAT0072,30,278,100599.86
SO00078,MAT0147,40,622,168624.2
SO00079,MAT0010,10,327,74098.2
SO00079,MAT0158,20,689,117240.24
SO00079,MAT0182,30,447,112845.15
SO00079,MAT0022,40,460,16900.4
SO00079,MAT0042,50,79,31490.19
SO00080,MAT0063,10,782,98485.08
SO00080,MAT0173,20,659,65656.17
SO00080,MAT0077,30,944,325689.44
SO00080,MAT0096,40,597,194651.85
SO00081,MAT0041,10,362,139489.46
SO00081,MAT0135,20,114,29845.2
SO00081,MAT0051,30,38,14633.8
SO00082,MAT0051,10,750,288825.0
SO00083,MAT0031,10,163,14216.86
SO00084,MAT0055,10,966,12925.08
SO00085,MAT0103,10,644,286006.84
SO00085,MAT0082,20,380,111252.6
SO00085,MAT0097,30,469,5740.56
SO00086,MAT0138,10,141,28142.19
SO00086,MAT0187,20,195,14541.15
SO00086,MAT0031,30,609,53116.98
SO00086,MAT0020,40,944,438610.72
SO00086,MAT0162,50,243,24134.76
SO00087,MAT0067,10,852,413398.92
SO00087,MAT0037,20,439,190670.87
SO00088,MAT0025,10,763,16320.57
SO00088,MAT0103,20,308,136785.88
SO00088,MAT0114,30,221,18285.54
SO00088,MAT0116,40,62,18562.18
SO00089,MAT0139,10,22,9109.98
SO00090,MAT0098,10,194,46647.3
SO00090,MAT0157,20,290,30479.0
SO00090,MAT0078,30,7,1149.68
SO00091,MAT0143,10,6,2779.14
SO00091,MAT0014,20,885,266243.4
SO00092,MAT0030,10,527,184186.5
SO00092,MAT0093,20,367,46590.65
SO00092,MAT0025,30,168,3593.52
SO00093,MAT0009,10,887,26131.02
SO00093,MAT0125,20,924,172584.72
SO00093,MAT0196,30,370,149824.1
SO00093,MAT0095,40,159,5493.45
SO00094,MAT0003,10,878,56069.08
SO00094,MAT0063,20,636,80097.84
SO00094,MAT0175,30,872,184672.16
SO00094,MAT0129,40,422,192415.12
SO00094,MAT0165,50,637,124724.6
SO00095,MAT0054,10,762,142532.1
SO00095,MAT0146,20,50,18940.5
SO00095,MAT0107,30,204,558.96
SO00095,MAT0176,40,540,233355.6
SO00095,MAT0187,50,570,42504.9
SO00096,MAT0198,10,99,30356.37
SO00096,MAT0127,20,757,350407.73
SO00096,MAT0112,30,215,53451.15
SO00096,MAT0011,40,840,12742.8
SO00097,MAT0171,10,269,66039.5
SO00097,MAT0011,20,995,15094.15
SO00097,MAT0177,30,990,285674.4
SO00097,MAT0005,40,177,63029.7
SO00098,MAT0153,10,947,213737.9
SO00098,MAT0099,20,732,180218.4
SO00098,MAT0119,30,311,33588.0
SO00098,MAT0178,40,223,92078.93
SO00098,MAT0032,50,882,280079.1
SO00099,MAT0187,10,114,8500.98
SO00099,MAT0027,20,875,424033.75
SO00099,MAT0079,30,391,66032.08
SO00100,MAT0145,10,478,209220.6
SO00101,MAT0120,10,233,11074.49
SO00101,MAT0088,20,101,48053.78
SO00101,MAT0041,30,768,295933.44
SO00101,MAT0153,40,942,212609.4
SO00102,MAT0096,10,92,29996.6
SO00103,MAT0176,10,680,293855.2
SO00103,MAT0029,20,822,32329.26
SO00103,MAT0067,30,953,462405.13
SO00104,MAT0061,10,123,53744.85
SO00105,MAT0165,10,26,5090.8
SO00105,MAT0124,20,623,96994.87
SO00105,MAT0076,30,993,189921.18
SO00105,MAT0164,40,476,77635.6
SO00106,MAT0133,10,14,6411.16
SO00106,MAT0148,20,680,318328.4
SO00106,MAT0039,30,962,66522.3
SO00106,MAT0178,40,683,282017.53
SO00106,MAT0132,50,548,41434.28
SO00107,MAT0129,10,363,165513.48
SO00107,MAT0106,20,823,309801.89
SO00107,MAT0023,30,119,23894.01
SO00107,MAT0087,40,547,88083.41
SO00108,MAT0014,10,766,230443.44
SO00108,MAT0002,20,63,27117.72
SO00108,MAT0053,30,4,1066.56
SO00109,MAT0192,10,589,87366.37
SO00110,MAT0148,10,132,61793.16
SO00110,MAT0079,20,721,121762.48
SO00111,MAT0184,10,200,73984.0
SO00111,MAT0071,20,54,5601.42
SO00111,MAT0106,30,991,373042.13
SO00112,MAT0042,10,918,365923.98
SO00112,MAT0004,20,211,91709.04
SO00113,MAT0000,10,504,238845.6
SO00113,MAT0013,20,465,214341.75
SO00113,MAT0045,30,252,81758.88
SO00114,MAT0022,10,456,16753.44
SO00114,MAT0130,20,383,46465.56
SO00114,MAT0187,30,48,3579.36
SO00114,MAT0192,40,808,119850.64
SO00115,MAT0092,10,41,14402.48
SO00115,MAT0091,20,162,2261.52
SO00116,MAT0182,10,919,232001.55
SO00116,MAT0094,20,564,158055.36
SO00116,MAT0179,30,638,75679.56
SO00116,MAT0184,40,877,324419.84
SO00116,MAT0114,50,825,68260.5
SO00117,MAT0080,10,288,118889.28
SO00117,MAT0040,20,199,40783.06
SO00117,MAT0034,30,165,80574.45
SO00117,MAT0149,40,664,205886.48
SO00117,MAT0092,50,419,147186.32
SO00118,MAT0017,10,733,80417.43
SO00118,MAT0060,20,828,125864.28
SO00118,MAT0049,30,748,319605.44
SO00118,MAT0151,40,884,272236.64
SO00119,MAT0034,10,245,119640.85
SO00119,MAT0198,20,86,26370.18
SO00119,MAT0192,30,551,81729.83
SO00119,MAT0124,40,834,129845.46
SO00120,MAT0049,10,735,314050.8
SO00120,MAT0130,20,254,30815.28
SO00120,MAT0118,30,308,65967.44
SO00120,MAT0064,40,444,216578.76
SO00120,MAT0111,50,254,5171.44
SO00121,MAT0159,10,365,164366.8
SO00121,MAT0196,20,890,360387.7
SO00121,MAT0046,30,333,106160.4
SO00122,MAT0129,10,217,98943.32
SO00122,MAT0091,20,13,181.48
SO00122,MAT0035,30,145,10235.55
SO00122,MAT0194,40,291,143323.32
SO00123,MAT0106,10,243,91472.49
SO00123,MAT0047,20,798,89136.6
SO00123,MAT0112,30,110,27347.1
SO00124,MAT0192,10,34,5043.22
SO00124,MAT0023,20,635,127501.65
SO00124,MAT0018,30,686,321644.82
SO00124,MAT0042,40,27,10762.47
SO00124,MAT0102,50,595,215473.3
SO00125,MAT0198,10,316,96895.08
SO00126,MAT0186,10,241,115971.61
SO00127,MAT0162,10,920,91374.4
SO00127,MAT0073,20,605,113564.55
SO00127,MAT0181,30,783,340651.98
SO00128,MAT0126,10,681,162867.96
SO00128,MAT0169,20,999,149350.5
SO00128,MAT0084,30,469,145132.05
SO00128,MAT0066,40,286,44101.2
SO00128,MAT0115,50,145,45908.45
SO00129,MAT0038,10,875,191406.25
SO00129,MAT0050,20,444,198037.32
SO00130,MAT0127,10,396,183304.44
SO00130,MAT0114,20,629,52043.46
SO00131,MAT0064,10,376,183409.04
SO00131,MAT0151,20,941,289790.36
SO00131,MAT0005,30,643,228972.3
SO00132,MAT0122,10,538,189376.0
SO00132,MAT0053,20,813,216778.32
SO00132,MAT0107,30,283,775.42
SO00132,MAT0062,40,297,69581.16
SO00133,MAT0001,10,209,67295.91
SO00133,MAT0079,20,629,106225.52
SO00133,MAT0023,30,72,14456.88
SO00133,MAT0047,40,808,90253.6
SO00134,MAT0113,10,124,620.0
SO00134,MAT0007,20,119,12951.96
SO00135,MAT0005,10,264,94010.4
SO00135,MAT0025,20,810,17325.9
SO00135,MAT0197,30,700,232148.0
SO00136,MAT0080,10,107,44170.67
SO00136,MAT0083,20,78,7605.0
SO00136,MAT0008,30,429,76168.95
SO00137,MAT0155,10,88,42843.68
SO00137,MAT0083,20,771,75172.5
SO00137,MAT0091,30,753,10511.88
SO00138,MAT0154,10,32,4829.44
SO00138,MAT0181,20,533,231886.98
SO00138,MAT0166,30,266,104548.64
SO00139,MAT0052,10,380,34709.2
SO00140,MAT0029,10,954,37520.82
SO00141,MAT0095,10,613,21179.15
SO00141,MAT0103,20,518,230048.98
SO00142,MAT0137,10,825,89075.25
SO00142,MAT0015,20,610,137640.4
SO00142,MAT0120,30,449,21340.97
SO00142,MAT0118,40,366,78389.88
SO00142,MAT0127,50,687,318005.43
SO00143,MAT0023,10,130,26102.7
SO00143,MAT0061,20,503,219785.85
SO00143,MAT0107,30,490,1342.6
SO00144,MAT0013,10,9,4148.55
SO00145,MAT0042,10,122,48630.42
SO00145,MAT0062,20,58,13588.24
SO00145,MAT0176,30,66,28521.24
SO00146,MAT0151,10,552,169993.92
SO00146,MAT0135,20,913,239023.4
SO00147,MAT0179,10,579,68680.98
SO00147,MAT0047,20,858,95838.6
SO00147,MAT0019,30,58,4716.56
SO00147,MAT0105,40,707,244077.61
SO00148,MAT0127,10,752,348093.28
SO00148,MAT0153,20,443,99985.1
SO00149,MAT0108,10,718,111857.22
SO00149,MAT0011,20,395,5992.15
SO00149,MAT0010,30,105,23793.0
SO00150,MAT0026,10,556,82738.36
SO00150,MAT0131,20,306,62748.36
SO00150,MAT0100,30,749,134303.19
SO00150,MAT0143,40,306,141736.14
SO00151,MAT0085,10,128,9123.84
SO00151,MAT0018,20,657,308047.59
SO00151,MAT0133,30,200,91588.0
SO00152,MAT0003,10,142,9068.12
SO00152,MAT0092,20,972,341444.16
SO00152,MAT0119,30,203,21924.0
SO00152,MAT0082,40,822,240656.94
SO00153,MAT0182,10,99,24992.55
SO00153,MAT0168,20,189,67151.7
SO00154,MAT0177,10,339,97821.84
SO00155,MAT0199,10,640,34726.4
SO00155,MAT0149,20,894,277202.58
SO00155,MAT0129,30,169,77057.24
SO00155,MAT0025,40,401,8577.39
SO00156,MAT0022,10,714,26232.36
SO00156,MAT0015,20,581,131096.84
SO00156,MAT0129,30,198,90280.08
SO00156,MAT0127,40,166,76839.74
SO00157,MAT0171,10,853,209411.5
SO00157,MAT0036,20,463,167735.64
SO00157,MAT0122,30,697,245344.0
SO00157,MAT0160,40,735,318534.3
SO00157,MAT0055,50,828,11078.64
SO00158,MAT0021,10,701,178439.55
SO00158,MAT0198,20,688,210961.44
SO00158,MAT0074,30,985,181407.45
SO00158,MAT0197,40,545,180743.8
SO00159,MAT0059,10,953,297640.96
SO00160,MAT0068,10,228,105928.8
SO00160,MAT0139,20,416,172261.44
SO00160,MAT0024,30,608,237989.44
SO00161,MAT0064,10,185,90241.15
SO00161,MAT0072,20,60,21712.2
SO00161,MAT0140,30,579,63423.66
SO00161,MAT0068,40,163,75729.8
SO00162,MAT0036,10,39,14128.92
SO00162,MAT0075,20,665,61186.65
SO00163,MAT0194,10,110,54177.2
SO00163,MAT0105,20,544,187805.12
SO00163,MAT0133,30,274,125475.56
SO00163,MAT0158,40,577,98182.32
SO00164,MAT0098,10,690,165910.5
SO00164,MAT0112,20,389,96709.29
SO00164,MAT0107,30,102,279.48
SO00164,MAT0139,40,179,74122.11
SO00165,MAT0198,10,596,182751.48
SO00165,MAT0187,20,667,49738.19
SO00165,MAT0100,30,513,91986.03
SO00166,MAT0137,10,369,39840.93
SO00167,MAT0009,10,192,5656.32
SO00168,MAT0108,10,317,49385.43
SO00169,MAT0152,10,790,261221.4
SO00169,MAT0193,20,354,76265.76
SO00169,MAT0012,30,597,151029.06
SO00169,MAT0039,40,47,3250.05
SO00170,MAT0006,10,940,31913.0
SO00170,MAT0029,20,516,20294.28
SO00170,MAT0048,30,445,92849.25
SO00170,MAT0095,40,841,29056.55
SO00171,MAT0197,10,626,207606.64
SO00171,MAT0102,20,54,19555.56
SO00171,MAT0145,30,381,166763.7
SO00172,MAT0106,10,128,48183.04
SO00172,MAT0102,20,278,100674.92
SO00172,MAT0033,30,506,198301.4
SO00172,MAT0025,40,520,11122.8
SO00173,MAT0170,10,956,275108.12
SO00173,MAT0016,20,833,72654.26
SO00173,MAT0039,30,125,8643.75
SO00174,MAT0147,10,269,72925.9
SO00174,MAT0042,20,691,275439.51
SO00174,MAT0156,30,394,174486.84
SO00175,MAT0107,10,413,1131.62
SO00175,MAT0052,20,992,90609.28
SO00175,MAT0196,30,878,355528.54
SO00175,MAT0132,40,264,19961.04
SO00176,MAT0049,10,151,64519.28
SO00177,MAT0005,10,914,325475.4
SO00178,MAT0054,10,640,119712.0
SO00179,MAT0065,10,350,76083.0
SO00179,MAT0023,20,873,175289.67
SO00180,MAT0049,10,84,35891.52
SO00180,MAT0182,20,858,216602.1
SO00180,MAT0019,30,166,13499.12
SO00180,MAT0174,40,939,170099.85
SO00181,MAT0052,10,827,75538.18
SO00181,MAT0098,20,633,152204.85
SO00182,MAT0026,10,866,128869.46
SO00183,MAT0094,10,552,154692.48
SO00183,MAT0141,20,174,71801.1
SO00184,MAT0130,10,903,109551.96
SO00184,MAT0094,20,848,237643.52
SO00184,MAT0139,30,358,148244.22
SO00184,MAT0163,40,162,15929.46
SO00184,MAT0129,50,398,181472.08
SO00185,MAT0131,10,232,47573.92
SO00185,MAT0116,20,787,235619.93
SO00185,MAT0162,30,701,69623.32
SO00185,MAT0149,40,193,59843.51
SO00186,MAT0161,10,659,281439.13
SO00186,MAT0022,20,940,34535.6
SO00186,MAT0178,30,42,17342.22
SO00187,MAT0038,10,118,25812.5
SO00187,MAT0083,20,826,80535.0
SO00187,MAT0179,30,365,43296.3
SO00187,MAT0093,40,423,53699.85
SO00188,MAT0183,10,201,57148.32
SO00188,MAT0033,20,606,237491.4
SO00188,MAT0040,30,663,135875.22
SO00189,MAT0098,10,50,12022.5
SO00189,MAT0084,20,917,283765.65
SO00189,MAT0059,30,178,55592.96
SO00189,MAT0062,40,350,81998.0
SO00190,MAT0149,10,51,15813.57
SO00190,MAT0172,20,861,123794.58
SO00191,MAT0134,10,907,265959.61
SO00191,MAT0049,20,800,341824.0
SO00192,MAT0179,10,50,5931.0
SO00193,MAT0094,10,920,257820.8
SO00193,MAT0189,20,174,2606.52
SO00193,MAT0020,30,59,27413.17
SO00194,MAT0079,10,386,65187.68
SO00194,MAT0007,20,259,28189.56
SO00194,MAT0119,30,674,72792.0
SO00194,MAT0154,40,618,93268.56
SO00194,MAT0016,50,650,56693.0
SO00195,MAT0094,10,17,4764.08
SO00195,MAT0198,20,52,15944.76
SO00195,MAT0143,30,770,356656.3
SO00196,MAT0038,10,837,183093.75
SO00196,MAT0191,20,238,53035.92
SO00196,MAT0094,30,795,222790.8
SO00196,MAT0094,40,249,69779.76
SO00196,MAT0097,50,627,7674.48
SO00197,MAT0031,10,86,7500.92
SO00197,MAT0195,20,392,25186.0
SO00197,MAT0115,30,100,31661.0
SO00197,MAT0102,40,786,284642.04
SO00197,MAT0061,50,657,287076.15
SO00198,MAT0136,10,765,164130.75
SO00198,MAT0107,20,597,1635.78
SO00198,MAT0014,30,634,190732.56
SO00198,MAT0054,40,414,77438.7
SO00199,MAT0082,10,974,285157.98
SO00199,MAT0160,20,433,187653.54
SO00200,MAT0039,10,329,22750.35
SO00200,MAT0125,20,581,108519.18
SO00201,MAT0044,10,92,12466.0
SO00201,MAT0140,20,351,38448.54
SO00201,MAT0168,30,1000,355300.0
SO00201,MAT0032,40,446,141627.3
SO00201,MAT0143,50,159,73647.21
SO00202,MAT0051,10,916,352751.6
SO00202,MAT0167,20,869,387930.29
SO00202,MAT0123,30,152,55733.84
SO00202,MAT0029,40,683,26862.39
SO00202,MAT0189,50,370,5542.6
SO00203,MAT0073,10,895,168000.45
SO00204,MAT0041,10,706,272042.98
SO00205,MAT0007,10,704,76623.36
SO00205,MAT0103,20,704,312653.44
SO00206,MAT0093,10,814,103337.3
SO00206,MAT0163,20,856,84170.48
SO00206,MAT0041,30,773,297860.09
SO00206,MAT0146,40,63,23865.03
SO00207,MAT0069,10,59,23326.24
SO00207,MAT0123,20,425,155834.75
SO00207,MAT0187,30,126,9395.82
SO00207,MAT0096,40,949,309421.45
SO00208,MAT0182,10,199,50237.55
SO00208,MAT0046,20,15,4782.0
SO00208,MAT0059,30,388,121180.16
SO00208,MAT0136,40,183,39262.65
SO00208,MAT0077,50,716,247027.16
SO00209,MAT0176,10,270,116677.8
SO00209,MAT0169,20,687,102706.5
SO00209,MAT0119,30,382,41256.0
SO00209,MAT0065,40,766,166513.08
SO00210,MAT0157,10,511,53706.1
SO00210,MAT0058,20,97,14961.28
SO00211,MAT0019,10,562,45701.84
SO00211,MAT0021,20,79,20109.45
SO00211,MAT0178,30,740,305553.4
SO00212,MAT0143,10,905,419186.95
SO00213,MAT0181,10,285,123992.1
SO00213,MAT0196,20,309,125123.37
SO00213,MAT0183,30,506,143865.92
SO00214,MAT0075,10,442,40668.42
SO00214,MAT0139,20,970,401667.3
SO00214,MAT0167,30,967,431678.47
SO00214,MAT0057,40,39,16193.97
SO00214,MAT0034,50,380,185565.4
SO00215,MAT0158,10,297,50537.52
SO00215,MAT0147,20,33,8946.3
SO00216,MAT0144,10,380,164749.0
SO00216,MAT0038,20,367,80281.25
SO00217,MAT0057,10,620,257442.6
SO00218,MAT0069,10,795,314311.2
SO00218,MAT0055,20,828,11078.64
SO00219,MAT0013,10,593,273343.35
SO00219,MAT0111,20,561,11421.96
SO00219,MAT0176,30,804,347440.56
SO00219,MAT0013,40,587,270577.65
SO00220,MAT0047,10,265,29600.5
SO00220,MAT0075,20,74,6808.74
SO00220,MAT0030,30,508,177546.0
SO00220,MAT0081,40,741,177802.95
SO00220,MAT0136,50,538,115427.9
SO00221,MAT0172,10,524,75340.72
SO00221,MAT0019,20,113,9189.16
SO00222,MAT0151,10,892,274700.32
SO00222,MAT0085,20,870,62013.6
SO00222,MAT0087,30,636,102415.08
SO00222,MAT0113,40,108,540.0
SO00222,MAT0054,50,631,118028.55
SO00223,MAT0082,10,72,21079.44
SO00223,MAT0118,20,535,114586.3
SO00223,MAT0180,30,401,44442.83
SO00224,MAT0086,10,603,178524.18
SO00224,MAT0083,20,745,72637.5
SO00224,MAT0156,30,722,319744.92
SO00224,MAT0066,40,660,101772.0
SO00224,MAT0152,50,831,274778.46
SO00225,MAT0114,10,561,46417.14
SO00225,MAT0091,20,847,11824.12
SO00225,MAT0167,30,790,352663.9
SO00226,MAT0091,10,352,4913.92
SO00227,MAT0171,10,177,43453.5
SO00228,MAT0037,10,535,232366.55
SO00228,MAT0141,20,348,143602.2
SO00228,MAT0173,30,206,20523.78
SO00228,MAT0078,40,956,157013.44
SO00228,MAT0185,50,943,325438.73
SO00229,MAT0104,10,542,55706.76
SO00229,MAT0051,20,979,377012.9
SO00230,MAT0010,10,206,46679.6
SO00230,MAT0136,20,109,23385.95
SO00230,MAT0185,30,985,339933.35
SO00231,MAT0065,10,808,175643.04
SO00231,MAT0133,20,66,30224.04
SO00232,MAT0162,10,279,27710.28
SO00232,MAT0117,20,861,375860.94
SO00233,MAT0143,10,670,310337.3
SO00233,MAT0076,20,637,121832.62
SO00233,MAT0130,30,420,50954.4
SO00233,MAT0085,40,671,47828.88
SO00233,MAT0167,50,181,80800.21
SO00234,MAT0073,10,288,54060.48
SO00234,MAT0132,20,459,34704.99
SO00234,MAT0024,30,343,134260.49
SO00234,MAT0026,40,697,103720.57
SO00234,MAT0094,50,689,193085.36
SO00235,MAT0187,10,548,40864.36
SO00235,MAT0192,20,917,136018.61
SO00235,MAT0155,30,34,16553.24
SO00235,MAT0126,40,460,110013.6
SO00236,MAT0057,10,768,318896.64
SO00236,MAT0009,20,629,18530.34
SO00236,MAT0104,30,203,20864.34
SO00236,MAT0128,40,93,28561.23
SO00237,MAT0022,10,597,21933.78
SO00237,MAT0072,20,824,298180.88
SO00237,MAT0058,30,450,69408.0
SO00237,MAT0186,40,184,88542.64
SO00238,MAT0053,10,958,255441.12
SO00238,MAT0011,20,527,7994.59
SO00238,MAT0027,30,140,67845.4
SO00239,MAT0014,10,883,265641.72
SO00239,MAT0051,20,129,49677.9
SO00239,MAT0184,30,417,154256.64
SO00239,MAT0061,40,953,416413.35
SO00239,MAT0108,50,815,126968.85
SO00240,MAT0170,10,173,49784.21
SO00240,MAT0162,20,806,80051.92
SO00241,MAT0027,10,980,474917.8
SO00241,MAT0036,20,758,274608.24
SO00241,MAT0112,30,541,134498.01
SO00241,MAT0186,40,849,408547.29
SO00241,MAT0158,50,168,28586.88
SO00242,MAT0064,10,186,90728.94
SO00242,MAT0097,20,780,9547.2
SO00242,MAT0148,30,214,100179.82
SO00242,MAT0192,40,692,102644.36
SO00243,MAT0196,10,938,379824.34
SO00243,MAT0073,20,677,127079.67
SO00243,MAT0162,30,342,33967.44
SO00244,MAT0025,10,891,19058.49
SO00245,MAT0056,10,36,15997.68
SO00246,MAT0195,10,535,34373.75
SO00246,MAT0098,20,481,115656.45
SO00246,MAT0196,30,998,404120.14
SO00246,MAT0137,40,442,47722.74
SO00247,MAT0071,10,571,59229.83
SO00247,MAT0165,20,367,71858.6
SO00248,MAT0146,10,565,214027.65
SO00248,MAT0027,20,752,364426.72
SO00248,MAT0193,30,313,67432.72
SO00248,MAT0020,40,564,262051.32
SO00248,MAT0068,50,494,229512.4
SO00249,MAT0092,10,287,100817.36
SO00250,MAT0191,10,749,166907.16
SO00250,MAT0015,20,27,6092.28
SO00250,MAT0171,30,2,491.0
SO00250,MAT0076,40,805,153964.3
SO00251,MAT0165,10,88,17230.4
SO00251,MAT0184,20,160,59187.2
SO00251,MAT0101,30,381,16687.8
SO00251,MAT0031,40,514,44831.08
SO00252,MAT0170,10,618,177841.86
SO00252,MAT0003,20,596,38060.56
SO00252,MAT0057,30,421,174811.83
SO00252,MAT0021,40,28,7127.4
SO00252,MAT0197,50,233,77272.12
SO00253,MAT0137,10,723,78062.31
SO00254,MAT0041,10,914,352191.62
SO00254,MAT0062,20,391,91603.48
SO00254,MAT0105,30,132,45570.36
SO00254,MAT0177,40,495,142837.2
SO00254,MAT0158,50,545,92737.2
SO00255,MAT0064,10,797,388768.63
SO00255,MAT0030,20,352,123024.0
SO00255,MAT0043,30,657,311424.57
SO00256,MAT0102,10,65,23539.1
SO00256,MAT0112,20,138,34308.18
SO00256,MAT0191,30,911,203007.24
SO00256,MAT0102,40,705,255308.7
SO00256,MAT0138,50,585,116760.15
SO00257,MAT0086,10,225,66613.5
SO00257,MAT0107,20,502,1375.48
SO00257,MAT0099,30,644,158552.8
SO00257,MAT0071,40,106,10995.38
SO00257,MAT0144,50,751,325596.05
SO00258,MAT0078,10,801,131556.24
SO00258,MAT0034,20,399,194843.67
SO00258,MAT0083,30,263,25642.5
SO00259,MAT0064,10,38,18536.02
SO00259,MAT0081,20,535,128373.25
SO00259,MAT0134,30,608,178283.84
SO00259,MAT0122,40,383,134816.0
SO00260,MAT0021,10,124,31564.2
SO00260,MAT0138,20,652,130132.68
SO00260,MAT0035,30,41,2894.19
SO00261,MAT0165,10,156,30544.8
SO00261,MAT0115,20,78,24695.58
SO00261,MAT0085,30,979,69783.12
SO00262,MAT0073,10,240,45050.4
SO00262,MAT0090,20,629,25090.81
SO00262,MAT0091,30,916,12787.36
SO00262,MAT0194,40,263,129532.76
SO00263,MAT0093,10,737,93562.15
SO00263,MAT0169,20,936,139932.0
SO00263,MAT0035,30,949,66989.91
SO00263,MAT0059,40,552,172400.64
SO00264,MAT0031,10,26,2267.72
SO00264,MAT0002,20,844,363291.36
SO00264,MAT0065,30,93,20216.34
SO00265,MAT0067,10,479,232415.59
SO00265,MAT0139,20,7,2898.63
SO00265,MAT0168,30,633,224904.9
SO00266,MAT0159,10,63,28370.16
SO00266,MAT0064,20,899,438523.21
SO00266,MAT0010,30,656,148649.6
SO00266,MAT0093,40,134,17011.3
SO00267,MAT0066,10,971,149728.2
SO00267,MAT0195,20,8,514.0
SO00267,MAT0188,30,892,387440.2
SO00267,MAT0019,40,299,24314.68
SO00268,MAT0027,10,625,302881.25
SO00268,MAT0019,20,667,54240.44
SO00269,MAT0049,10,942,402497.76
SO00269,MAT0052,20,284,25940.56
SO00269,MAT0076,30,475,90848.5
SO00270,MAT0005,10,18,6409.8
SO00270,MAT0169,20,234,34983.0
SO00270,MAT0165,30,955,186989.0
SO00271,MAT0104,10,159,16342.02
SO00271,MAT0112,20,580,144193.8
SO00272,MAT0042,10,360,143499.6
SO00272,MAT0020,20,482,223951.66
SO00272,MAT0142,30,982,254004.12
SO00273,MAT0009,10,306,9014.76
SO00273,MAT0066,20,277,42713.4
SO00273,MAT0110,30,184,4051.68
SO00273,MAT0105,40,986,340396.78
SO00274,MAT0146,10,671,254181.51
SO00274,MAT0173,20,574,57187.62
SO00274,MAT0019,30,732,59526.24
SO00275,MAT0199,10,999,54205.74
SO00275,MAT0186,20,398,191521.58
SO00275,MAT0084,30,286,88502.7
SO00276,MAT0006,10,95,3225.25
SO00276,MAT0148,20,696,325818.48
SO00277,MAT0185,10,425,146671.75
SO00278,MAT0191,10,74,16490.16
SO00278,MAT0129,20,975,444561.0
SO00278,MAT0137,30,461,49774.17
SO00278,MAT0184,40,945,349574.4
SO00278,MAT0091,50,299,4174.04
SO00279,MAT0163,10,248,24385.84
SO00279,MAT0031,20,772,67333.84
SO00279,MAT0172,30,88,12652.64
SO00279,MAT0047,40,301,33621.7
SO00280,MAT0022,10,375,13777.5
SO00280,MAT0116,20,111,33232.29
SO00280,MAT0043,30,881,417602.81
SO00280,MAT0188,40,1,434.35
SO00280,MAT0159,50,876,394480.32
SO00281,MAT0148,10,623,291644.99
SO00281,MAT0036,20,794,287650.32
SO00281,MAT0139,30,968,400839.12
SO00281,MAT0046,40,397,126563.6
SO00282,MAT0112,10,795,197644.95
SO00282,MAT0164,20,540,88074.0
SO00283,MAT0083,10,355,34612.5
SO00283,MAT0093,20,825,104733.75
SO00283,MAT0148,30,868,406336.84
SO00284,MAT0082,10,832,243584.64
SO00284,MAT0115,20,380,120311.8
SO00285,MAT0163,10,31,3048.23
SO00285,MAT0125,20,637,118978.86
SO00286,MAT0009,10,763,22477.98
SO00286,MAT0040,20,781,160058.14
SO00287,MAT0081,10,551,132212.45
SO00288,MAT0034,10,335,163590.55
SO00288,MAT0159,20,284,127890.88
SO00289,MAT0152,10,247,81673.02
SO00289,MAT0081,20,193,46310.35
SO00289,MAT0190,30,512,21463.04
SO00290,MAT0095,10,335,11574.25
SO00290,MAT0087,20,686,110466.58
SO00290,MAT0043,30,373,176805.73
SO00290,MAT0056,40,118,52436.84
SO00291,MAT0000,10,471,223206.9
SO00291,MAT0148,20,186,87072.18
SO00291,MAT0001,30,471,151657.29
SO00291,MAT0054,40,997,186488.85
SO00292,MAT0162,10,201,19963.32
SO00292,MAT0052,20,388,35439.92
SO00292,MAT0028,30,8,984.72
SO00293,MAT0154,10,676,102021.92
SO00293,MAT0020,20,673,312695.99
SO00293,MAT0140,30,183,20045.82
SO00293,MAT0135,40,516,135088.8
SO00294,MAT0001,10,511,164536.89
SO00294,MAT0113,20,91,455.0
SO00295,MAT0128,10,638,195936.18
SO00295,MAT0148,20,480,224702.4
SO00295,MAT0059,30,864,269844.48
SO00296,MAT0145,10,570,249489.0
SO00297,MAT0035,10,576,40659.84
SO00297,MAT0088,20,756,359689.68
SO00298,MAT0098,10,914,219771.3
SO00298,MAT0035,20,938,66213.42
SO00298,MAT0153,30,296,66807.2
SO00299,MAT0100,10,847,151875.57
SO00299,MAT0047,20,953,106450.1
SO00300,MAT0198,10,818,250823.34
SO00300,MAT0161,20,945,403581.15
SO00300,MAT0061,30,875,382331.25
SO00300,MAT0175,40,950,201191.0
SO00301,MAT0035,10,301,21247.59
SO00301,MAT0059,20,538,168028.16
SO00301,MAT0094,30,280,78467.2
SO00301,MAT0023,40,752,150994.08
SO00301,MAT0074,50,978,180118.26
SO00302,MAT0117,10,539,235295.06
SO00302,MAT0077,20,446,153874.46
SO00303,MAT0007,10,614,66827.76
SO00303,MAT0053,20,76,20264.64
SO00304,MAT0026,10,145,21577.45
SO00304,MAT0073,20,787,147727.77
SO00304,MAT0090,30,909,36260.01
SO00304,MAT0153,40,356,80349.2
SO00304,MAT0147,50,887,240465.7
SO00305,MAT0095,10,801,27674.55
SO00305,MAT0025,20,587,12555.93
SO00305,MAT0153,30,602,135871.4
SO00305,MAT0068,40,188,87344.8
SO00305,MAT0185,50,272,93869.92
SO00306,MAT0049,10,411,175612.08
SO00306,MAT0041,20,886,341402.38
SO00306,MAT0007,30,856,93167.04
SO00306,MAT0020,40,906,420954.78
SO00307,MAT0096,10,327,106618.35
SO00307,MAT0032,20,24,7621.2
SO00307,MAT0023,30,768,154206.72
SO00307,MAT0009,40,408,12019.68
SO00307,MAT0106,50,145,54582.35
SO00308,MAT0124,10,266,41413.54
SO00308,MAT0181,20,69,30019.14
SO00308,MAT0138,30,712,142108.08
SO00308,MAT0140,40,592,64847.68
SO00309,MAT0024,10,649,254038.07
SO00309,MAT0109,20,682,157569.28
SO00309,MAT0188,30,736,319681.6
SO00309,MAT0116,40,557,166760.23
SO00309,MAT0056,50,417,185306.46
SO00310,MAT0110,10,133,2928.66
SO00310,MAT0092,20,881,309477.68
SO00310,MAT0198,30,367,112533.21
SO00310,MAT0154,40,763,115151.96
SO00310,MAT0000,50,688,326043.2
SO00311,MAT0115,10,653,206746.33
SO00311,MAT0100,20,460,82482.6
SO00311,MAT0139,30,530,219467.7
SO00311,MAT0103,40,741,329085.51
SO00312,MAT0183,10,919,261290.08
SO00312,MAT0070,20,420,149986.2
SO00313,MAT0037,10,700,304031.0
SO00313,MAT0150,20,108,41740.92
SO00313,MAT0059,30,989,308884.48
SO00313,MAT0048,40,774,161495.1
SO00313,MAT0151,50,79,24328.84
SO00314,MAT0143,10,816,377963.04
SO00314,MAT0173,20,196,19527.48
SO00315,MAT0127,10,584,270327.76
SO00315,MAT0090,20,774,30874.86
SO00315,MAT0176,30,510,220391.4
SO00315,MAT0122,40,934,328768.0
SO00315,MAT0152,50,244,80681.04
SO00316,MAT0055,10,106,1418.28
SO00317,MAT0188,10,427,185467.45
SO00317,MAT0048,20,505,105368.25
SO00318,MAT0008,10,874,155178.7
SO00318,MAT0198,20,401,122958.63
SO00319,MAT0160,10,182,78875.16
SO00319,MAT0115,20,700,221627.0
SO00319,MAT0032,30,668,212123.4
SO00319,MAT0185,40,259,89383.49
SO00320,MAT0130,10,232,28146.24
SO00320,MAT0078,20,749,123015.76
SO00320,MAT0188,30,938,407420.3
SO00321,MAT0183,10,113,32128.16
SO00321,MAT0084,20,36,11140.2
SO00321,MAT0170,30,110,31654.7
SO00321,MAT0029,40,956,37599.48
SO00321,MAT0185,50,417,143910.87
SO00322,MAT0055,10,938,12550.44
SO00322,MAT0028,20,870,107088.3
SO00322,MAT0170,30,913,262734.01
SO00323,MAT0103,10,497,220722.67
SO00323,MAT0097,20,957,11713.68
SO00324,MAT0025,10,172,3679.08
SO00324,MAT0037,20,558,242356.14
SO00325,MAT0033,10,247,96799.3
SO00325,MAT0056,20,207,91986.66
SO00326,MAT0099,10,479,117929.8
SO00327,MAT0170,10,398,114532.46
SO00327,MAT0081,20,68,16316.6
SO00327,MAT0122,30,444,156288.0
SO00327,MAT0173,40,944,94050.72
SO00327,MAT0028,50,223,27449.07
SO00328,MAT0060,10,166,25233.66
SO00328,MAT0189,20,860,12882.8
SO00329,MAT0036,10,477,172807.56
SO00329,MAT0008,20,773,137246.15
SO00330,MAT0144,10,764,331232.2
SO00330,MAT0015,20,427,96348.28
SO00331,MAT0188,10,944,410026.4
SO00331,MAT0029,20,135,5309.55
SO00331,MAT0128,30,727,223268.97
SO00331,MAT0187,40,99,7382.43
SO00332,MAT0034,10,712,347690.96
SO00332,MAT0097,20,136,1664.64
SO00332,MAT0120,30,992,47149.76
SO00333,MAT0006,10,932,31641.4
SO00333,MAT0195,20,532,34181.0
SO00333,MAT0198,30,375,114986.25
SO00333,MAT0197,40,834,276587.76
SO00334,MAT0112,10,839,208583.79
SO00335,MAT0088,10,723,343988.94
SO00335,MAT0184,20,274,101358.08
SO00335,MAT0081,30,899,215715.05
SO00335,MAT0012,40,260,65774.8
SO00335,MAT0155,50,391,190362.26
SO00336,MAT0078,10,4,656.96
SO00337,MAT0177,10,63,18179.28
SO00338,MAT0159,10,756,340441.92
SO00338,MAT0035,20,366,25835.94
SO00338,MAT0192,30,501,74313.33
SO00338,MAT0028,40,289,35573.01
SO00339,MAT0144,10,255,110555.25
SO00340,MAT0019,10,382,31064.24
SO00340,MAT0034,20,644,314484.52
SO00341,MAT0066,10,646,99613.2
SO00341,MAT0094,20,681,190843.44
SO00341,MAT0098,30,553,132968.85
SO00342,MAT0021,10,736,187348.8
SO00342,MAT0168,20,689,244801.7
SO00342,MAT0019,30,681,55378.92
SO00343,MAT0199,10,764,41454.64
SO00343,MAT0114,20,489,40459.86
SO00343,MAT0058,30,627,96708.48
SO00343,MAT0116,40,50,14969.5
SO00344,MAT0098,10,239,57467.55
SO00344,MAT0090,20,442,17631.38
SO00345,MAT0030,10,448,156576.0
SO00345,MAT0002,20,644,277203.36
SO00346,MAT0019,10,91,7400.12
SO00346,MAT0053,20,670,178648.8
SO00347,MAT0191,10,82,18272.88
SO00347,MAT0140,20,693,75911.22
SO00347,MAT0144,30,718,311288.9
SO00347,MAT0030,40,832,290784.0
SO00347,MAT0165,50,504,98683.2
SO00348,MAT0038,10,706,154437.5
SO00348,MAT0070,20,307,109632.77
SO00348,MAT0101,30,68,2978.4
SO00349,MAT0096,10,581,189435.05
SO00349,MAT0115,20,791,250438.51
SO00349,MAT0111,30,961,19565.96
SO00350,MAT0173,10,830,82692.9
SO00351,MAT0113,10,522,2610.0
SO00351,MAT0037,20,120,52119.6
SO00351,MAT0177,30,34,9811.04
SO00352,MAT0106,10,889,334646.27
SO00352,MAT0041,20,854,329071.82
SO00352,MAT0045,30,215,69754.6
SO00352,MAT0194,40,613,301914.76
SO00352,MAT0010,50,940,213004.0
SO00353,MAT0186,10,82,39459.22
SO00353,MAT0148,20,95,44472.35
SO00353,MAT0031,30,889,77538.58
SO00353,MAT0033,40,219,85826.1
SO00353,MAT0059,50,315,98380.8
SO00354,MAT0000,10,967,458261.3
SO00354,MAT0156,20,801,354730.86
SO00354,MAT0118,30,603,129150.54
SO00355,MAT0182,10,233,58820.85
SO00356,MAT0044,10,679,92004.5
SO00356,MAT0129,20,760,346529.6
SO00356,MAT0094,30,866,242687.84
SO00357,MAT0165,10,324,63439.2
SO00357,MAT0069,20,337,133236.32
SO00357,MAT0151,30,59,18169.64
SO00357,MAT0009,40,399,11754.54
SO00357,MAT0074,50,528,97241.76
SO00358,MAT0129,10,633,288622.68
SO00359,MAT0108,10,150,23368.5
SO00359,MAT0110,20,429,9446.58
SO00359,MAT0133,30,459,210194.46
SO00359,MAT0069,40,807,319055.52
SO00359,MAT0199,50,66,3581.16
SO00360,MAT0092,10,242,85009.76
SO00361,MAT0038,10,471,103031.25
SO00361,MAT0022,20,100,3674.0
SO00361,MAT0095,30,348,12023.4
SO00361,MAT0079,40,796,134428.48
SO00361,MAT0188,50,524,227599.4
SO00362,MAT0148,10,902,422253.26
SO00362,MAT0191,20,729,162450.36
SO00362,MAT0178,30,25,10322.75
SO00362,MAT0082,40,543,158974.11
SO00363,MAT0122,10,783,275616.0
SO00363,MAT0046,20,138,43994.4
SO00364,MAT0014,10,711,213897.24
SO00365,MAT0114,10,652,53946.48
SO00365,MAT0120,20,909,43204.77
SO00365,MAT0182,30,698,176210.1
SO00365,MAT0119,40,21,2268.0
SO00365,MAT0041,50,343,132168.19
SO00366,MAT0077,10,289,99707.89
SO00366,MAT0138,20,255,50895.45
SO00367,MAT0092,10,417,146483.76
SO00368,MAT0062,10,860,201480.8
SO00369,MAT0122,10,23,8096.0
SO00370,MAT0027,10,552,267504.72
SO00370,MAT0027,20,529,256358.69
SO00370,MAT0024,30,92,36011.56
SO00370,MAT0031,40,324,28259.28
SO00370,MAT0076,50,871,166587.46
SO00371,MAT0064,10,469,228773.51
SO00371,MAT0128,20,891,273635.01
SO00372,MAT0141,10,95,39201.75
SO00372,MAT0073,20,623,116943.33
SO00372,MAT0114,30,188,15555.12
SO00372,MAT0078,40,521,85569.04
SO00373,MAT0162,10,953,94651.96
SO00374,MAT0066,10,647,99767.4
SO00375,MAT0002,10,951,409348.44
SO00375,MAT0071,20,440,45641.2
SO00376,MAT0184,10,600,221952.0
SO00377,MAT0061,10,877,383205.15
SO00377,MAT0070,20,188,67136.68
SO00377,MAT0016,30,840,73264.8
SO00377,MAT0155,40,840,408962.4
SO00377,MAT0023,50,214,42969.06
SO00378,MAT0167,10,65,29016.65
SO00378,MAT0024,20,534,209023.62
SO00378,MAT0191,30,977,217714.68
SO00379,MAT0117,10,936,408601.44
SO00379,MAT0068,20,181,84092.6
SO00379,MAT0187,30,573,42728.61
SO00379,MAT0115,40,545,172552.45
SO00380,MAT0178,10,195,80517.45
SO00381,MAT0134,10,72,21112.56
SO00382,MAT0068,10,425,197455.0
SO00382,MAT0053,20,568,151451.52
SO00382,MAT0023,30,779,156415.41
SO00382,MAT0185,40,482,166343.02
SO00383,MAT0194,10,643,316690.36
SO00383,MAT0158,20,778,132384.48
SO00383,MAT0110,30,653,14379.06
SO00384,MAT0138,10,737,147097.83
SO00384,MAT0119,20,61,6588.0
SO00384,MAT0186,30,295,141956.95
SO00385,MAT0084,10,567,175458.15
SO00385,MAT0034,20,646,315461.18
SO00385,MAT0141,30,426,175788.9
SO00385,MAT0001,40,286,92089.14
SO00386,MAT0103,10,171,75942.81
SO00386,MAT0024,20,971,380078.53
SO00386,MAT0050,30,200,89206.0
SO00386,MAT0112,40,262,65135.82
SO00386,MAT0079,50,38,6417.44
SO00387,MAT0047,10,28,3127.6
SO00387,MAT0151,20,341,105014.36
SO00387,MAT0152,30,986,326030.76
SO00387,MAT0077,40,640,220806.4
SO00388,MAT0036,10,106,38401.68
SO00389,MAT0031,10,403,35149.66
SO00389,MAT0189,20,478,7160.44
SO00390,MAT0094,10,299,83791.76
SO00390,MAT0168,20,356,126486.8
SO00390,MAT0095,30,438,15132.9
SO00391,MAT0003,10,385,24586.1
SO00391,MAT0013,20,3,1382.85
SO00391,MAT0196,30,870,352289.1
SO00391,MAT0186,40,565,271883.65
SO00392,MAT0059,10,989,308884.48
SO00392,MAT0049,20,663,283286.64
SO00392,MAT0161,30,668,285282.76
SO00392,MAT0051,40,141,54299.1
SO00393,MAT0051,10,228,87802.8
SO00394,MAT0005,10,687,244640.7
SO00394,MAT0073,20,113,21211.23
SO00395,MAT0054,10,737,137855.85
SO00395,MAT0100,20,854,153130.74
SO00395,MAT0102,30,895,324115.3
SO00396,MAT0061,10,502,219348.9
SO00396,MAT0197,20,412,136635.68
SO00396,MAT0159,30,634,285502.88
SO00396,MAT0006,40,335,11373.25
SO00397,MAT0121,10,276,8395.92
SO00397,MAT0107,20,748,2049.52
SO00397,MAT0032,30,465,147660.75
SO00397,MAT0026,40,890,132440.9
SO00397,MAT0090,50,854,34066.06
SO00398,MAT0105,10,568,196090.64
SO00398,MAT0048,20,259,54040.35
SO00398,MAT0009,30,6,176.76
SO00398,MAT0118,40,583,124866.94
SO00398,MAT0030,50,380,132810.0
SO00399,MAT0022,10,846,31082.04
SO00400,MAT0159,10,491,221107.12
SO00400,MAT0032,20,107,33977.85
SO00400,MAT0064,30,367,179018.93
SO00401,MAT0000,10,993,470582.7
SO00401,MAT0108,20,249,38791.71
SO00401,MAT0058,30,32,4935.68
SO00401,MAT0048,40,22,4590.3
SO00401,MAT0127,50,445,205986.05
SO00402,MAT0094,10,787,220548.88
SO00402,MAT0111,20,810,16491.6
SO00402,MAT0004,30,46,19993.44
SO00403,MAT0056,10,662,294179.56
SO00404,MAT0017,10,166,18211.86
SO00404,MAT0105,20,956,330039.88
SO00405,MAT0193,10,835,179892.4
SO00405,MAT0162,20,602,59790.64
SO00405,MAT0155,30,504,245377.44
SO00406,MAT0001,10,387,124610.13
SO00406,MAT0073,20,315,59128.65
SO00407,MAT0046,10,688,219334.4
SO00407,MAT0034,20,603,294462.99
SO00407,MAT0149,30,83,25735.81
SO00407,MAT0158,40,772,131363.52
SO00408,MAT0104,10,397,40803.66
SO00408,MAT0000,20,801,379593.9
SO00408,MAT0061,30,359,156865.05
SO00409,MAT0067,10,223,108201.83
SO00409,MAT0155,20,926,450832.36
SO00409,MAT0116,30,569,170352.91
SO00409,MAT0086,40,23,6809.38
SO00409,MAT0013,50,766,353087.7
SO00410,MAT0108,10,797,124164.63
SO00410,MAT0096,20,152,49559.6
SO00410,MAT0053,30,855,227977.2
SO00410,MAT0075,40,659,60634.59
SO00410,MAT0083,50,792,77220.0
SO00411,MAT0092,10,94,33020.32
SO00411,MAT0064,20,306,149263.74
SO00411,MAT0104,30,32,3288.96
SO00411,MAT0175,40,204,43203.12
SO00411,MAT0158,50,730,124216.8
SO00412,MAT0172,10,325,46728.5
SO00412,MAT0068,20,224,104070.4
SO00412,MAT0124,30,152,23664.88
SO00412,MAT0145,40,979,428508.3
SO00413,MAT0000,10,506,239793.4
SO00413,MAT0165,20,754,147633.2
SO00413,MAT0006,30,804,27295.8
SO00413,MAT0170,40,517,148777.09
SO00413,MAT0161,50,47,20072.29
SO00414,MAT0119,10,57,6156.0
SO00414,MAT0158,20,557,94779.12
SO00415,MAT0116,10,826,247296.14
SO00415,MAT0158,20,814,138510.24
SO00415,MAT0084,30,890,275410.5
SO00415,MAT0042,40,826,329251.86
SO00416,MAT0083,10,592,57720.0
SO00416,MAT0060,20,714,108535.14
SO00417,MAT0032,10,466,147978.3
SO00417,MAT0140,20,60,6572.4
SO00417,MAT0088,30,556,264533.68
SO00418,MAT0084,10,566,175148.7
SO00418,MAT0038,20,491,107406.25
SO00419,MAT0111,10,432,8795.52
SO00420,MAT0191,10,146,32534.64
SO00420,MAT0076,20,536,102515.36
SO00421,MAT0064,10,84,40974.36
SO00421,MAT0184,20,649,240078.08
SO00422,MAT0022,10,771,28326.54
SO00422,MAT0006,20,471,15990.45
SO00422,MAT0122,30,967,340384.0
SO00422,MAT0065,40,505,109776.9
SO00422,MAT0134,50,116,34014.68
SO00423,MAT0176,10,364,157298.96
SO00423,MAT0090,20,904,36060.56
SO00423,MAT0097,30,796,9743.04
SO00423,MAT0073,40,598,112250.58
SO00424,MAT0084,10,281,86955.45
SO00424,MAT0138,20,957,191007.63
SO00425,MAT0115,10,828,262153.08
SO00425,MAT0062,20,221,51775.88
SO00425,MAT0035,30,717,50613.03
SO00426,MAT0027,10,739,358126.79
SO00426,MAT0063,20,446,56169.24
SO00427,MAT0196,10,267,108116.31
SO00427,MAT0122,20,158,55616.0
SO00427,MAT0144,30,608,263598.4
SO00427,MAT0137,40,280,30231.6
SO00428,MAT0081,10,213,51109.35
SO00428,MAT0084,20,554,171435.3
SO00428,MAT0009,30,337,9928.02
SO00428,MAT0025,40,134,2866.26
SO00429,MAT0022,10,503,18480.22
SO00429,MAT0101,20,429,18790.2
SO00429,MAT0127,30,175,81005.75
SO00429,MAT0184,40,437,161655.04
SO00430,MAT0142,10,972,251417.52
SO00430,MAT0156,20,973,430902.78
SO00430,MAT0150,30,50,19324.5
SO00430,MAT0134,40,578,169486.94
SO00430,MAT0021,50,233,59310.15
SO00431,MAT0070,10,383,136773.13
SO00431,MAT0032,20,552,175287.6
SO00431,MAT0130,30,805,97662.6
SO00431,MAT0185,40,182,62810.02
SO00432,MAT0120,10,203,9648.59
SO00432,MAT0023,20,213,42768.27
SO00432,MAT0050,30,381,169937.43
SO00432,MAT0147,40,763,206849.3
SO00433,MAT0137,10,465,50206.05
SO00434,MAT0060,10,784,119175.84
SO00434,MAT0135,20,773,202371.4
SO00434,MAT0045,30,18,5839.92
SO00434,MAT0198,40,542,166193.46
SO00435,MAT0036,10,365,132232.2
SO00435,MAT0034,20,563,274929.79
SO00435,MAT0032,30,638,202596.9
SO00436,MAT0088,10,426,202682.28
SO00437,MAT0143,10,743,344150.17
SO00437,MAT0124,20,23,3580.87
SO00438,MAT0070,10,774,276403.14
SO00438,MAT0050,20,268,119536.04
SO00438,MAT0090,30,994,39650.66
SO00439,MAT0052,10,72,6576.48
SO00439,MAT0108,20,738,114973.02
SO00439,MAT0184,30,305,112825.6
SO00439,MAT0180,40,554,61399.82
SO00439,MAT0153,50,38,8576.6
SO00440,MAT0162,10,664,65948.48
SO00440,MAT0048,20,76,15857.4
SO00440,MAT0040,30,808,165591.52
SO00441,MAT0138,10,286,57082.74
SO00441,MAT0018,20,828,388224.36
SO00441,MAT0138,30,272,54288.48
SO00441,MAT0138,40,214,42712.26
SO00442,MAT0004,10,704,305986.56
SO00442,MAT0034,20,73,35648.09
SO00442,MAT0096,30,321,104662.05
SO00442,MAT0195,40,134,8609.5
SO00443,MAT0033,10,977,382886.3
SO00443,MAT0101,20,396,17344.8
SO00443,MAT0021,30,312,79419.6
SO00444,MAT0029,10,785,30874.05
SO00445,MAT0112,10,167,41517.87
SO00445,MAT0194,20,135,66490.2
SO00445,MAT0173,30,855,85183.65
SO00445,MAT0172,40,211,30337.58
SO00446,MAT0152,10,638,210961.08
SO00447,MAT0138,10,46,9181.14
SO00448,MAT0112,10,967,240405.87
SO00448,MAT0129,20,495,225700.2
SO00448,MAT0050,30,506,225691.18
SO00448,MAT0079,40,567,95754.96
SO00448,MAT0088,50,186,88495.08
SO00449,MAT0059,10,682,213002.24
SO00449,MAT0074,20,708,130392.36
SO00450,MAT0015,10,256,57763.84
SO00450,MAT0006,20,564,19147.8
SO00450,MAT0100,30,541,97006.71
SO00451,MAT0170,10,599,172374.23
SO00451,MAT0159,20,178,80156.96
SO00451,MAT0094,30,283,79307.92
SO00451,MAT0092,40,491,172478.48
SO00452,MAT0073,10,815,152983.65
SO00452,MAT0144,20,849,368083.95
SO00452,MAT0171,30,685,168167.5
SO00453,MAT0070,10,625,223193.75
SO00454,MAT0166,10,501,196913.04
SO00454,MAT0051,20,608,234140.8
SO00454,MAT0017,30,912,100055.52
SO00454,MAT0051,40,789,303843.9
SO00455,MAT0123,10,460,168668.2
SO00455,MAT0002,20,135,58109.4
SO00455,MAT0034,30,497,242700.01
SO00456,MAT0048,10,962,200721.3
SO00456,MAT0158,20,47,7997.52
SO00456,MAT0192,30,514,76241.62
SO00457,MAT0026,10,4,595.24
SO00457,MAT0102,20,195,70617.3
SO00457,MAT0126,30,889,212613.24
SO00458,MAT0084,10,790,244465.5
SO00458,MAT0075,20,989,90997.89
SO00458,MAT0137,30,215,23213.55
SO00458,MAT0130,40,97,11768.04
SO00459,MAT0125,10,289,53979.42
SO00459,MAT0155,20,744,362223.84
SO00459,MAT0088,30,553,263106.34
SO00459,MAT0149,40,327,101392.89
SO00460,MAT0191,10,492,109637.28
SO00461,MAT0115,10,693,219410.73
SO00461,MAT0141,20,637,262858.05
SO00461,MAT0102,30,154,55769.56
SO00462,MAT0127,10,107,49529.23
SO00463,MAT0061,10,117,51123.15
SO00463,MAT0086,20,180,53290.8
SO00464,MAT0029,10,144,5663.52
SO00464,MAT0148,20,687,321605.31
SO00464,MAT0193,30,643,138527.92
SO00464,MAT0174,40,579,104885.85
SO00465,MAT0086,10,545,161352.7
SO00466,MAT0053,10,626,166916.64
SO00466,MAT0043,20,502,237953.02
SO00466,MAT0053,30,86,22931.04
SO00467,MAT0048,10,21,4381.65
SO00467,MAT0001,20,707,227646.93
SO00467,MAT0083,30,101,9847.5
SO00467,MAT0011,40,35,530.95
SO00467,MAT0155,50,441,214705.26
SO00468,MAT0064,10,744,362915.76
SO00468,MAT0010,20,692,156807.2
SO00469,MAT0116,10,267,79937.13
SO00469,MAT0071,20,767,79560.91
SO00470,MAT0098,10,410,98584.5
SO00471,MAT0097,10,90,1101.6
SO00471,MAT0107,20,648,1775.52
SO00472,MAT0039,10,513,35473.95
SO00472,MAT0136,20,838,179792.9
SO00472,MAT0054,30,547,102316.35
SO00472,MAT0162,40,434,43104.88
SO00472,MAT0159,50,258,116182.56
SO00473,MAT0004,10,927,402911.28
SO00473,MAT0048,20,212,44233.8
SO00473,MAT0048,30,658,137291.7
SO00473,MAT0157,40,906,95220.6
SO00474,MAT0113,10,887,4435.0
SO00474,MAT0032,20,936,297226.8
SO00474,MAT0026,30,418,62202.58
SO00475,MAT0098,10,102,24525.9
SO00476,MAT0159,10,472,212551.04
SO00476,MAT0127,20,885,409657.65
SO00476,MAT0032,30,601,190847.55
SO00477,MAT0187,10,262,19537.34
SO00477,MAT0067,20,386,187291.06
SO00477,MAT0027,30,521,252481.81
SO00477,MAT0093,40,805,102194.75
SO00477,MAT0047,50,310,34627.0
SO00478,MAT0143,10,621,287640.99
SO00478,MAT0121,20,533,16213.86
SO00478,MAT0062,30,653,152984.84
SO00478,MAT0127,40,588,272179.32
SO00478,MAT0065,50,380,82604.4
SO00479,MAT0056,10,693,307955.34
SO00479,MAT0021,20,411,104620.05
SO00479,MAT0013,30,197,90807.15
SO00479,MAT0119,40,847,91476.0
SO00480,MAT0088,10,724,344464.72
SO00480,MAT0033,20,71,27824.9
SO00481,MAT0024,10,11,4305.73
SO00481,MAT0190,20,404,16935.68
SO00481,MAT0020,30,954,443257.02
SO00481,MAT0024,40,290,113514.7
SO00482,MAT0161,10,602,257096.14
SO00483,MAT0080,10,415,171316.15
SO00484,MAT0036,10,204,73905.12
SO00484,MAT0188,20,608,264084.8
SO00484,MAT0099,30,582,143288.4
SO00484,MAT0056,40,366,162643.08
SO00484,MAT0041,50,174,67047.42
SO00485,MAT0196,10,456,184648.08
SO00486,MAT0030,10,401,140149.5
SO00486,MAT0082,20,442,129404.34
SO00486,MAT0077,30,850,293258.5
SO00486,MAT0054,40,195,36474.75
SO00486,MAT0036,50,503,182226.84
SO00487,MAT0167,10,917,409357.97
SO00487,MAT0005,20,680,242148.0
SO00487,MAT0176,30,19,8210.66
SO00487,MAT0110,40,132,2906.64
SO00488,MAT0002,10,926,398587.44
SO00488,MAT0124,20,347,54024.43
SO00488,MAT0176,30,352,152113.28
SO00489,MAT0079,10,309,52183.92
SO00489,MAT0143,20,213,98659.47
SO00489,MAT0135,30,76,19896.8
SO00489,MAT0138,40,816,162865.44
SO00490,MAT0130,10,984,119378.88
SO00490,MAT0106,20,778,292862.54
SO00490,MAT0158,30,427,72658.32
SO00490,MAT0058,40,799,123237.76
SO00491,MAT0122,10,741,260832.0
SO00491,MAT0156,20,259,114700.74
SO00491,MAT0048,30,370,77200.5
SO00491,MAT0011,40,881,13364.77
SO00492,MAT0059,10,485,151475.2
SO00493,MAT0115,10,959,303628.99
SO00493,MAT0135,20,424,111003.2
SO00494,MAT0076,10,705,134838.3
SO00494,MAT0177,20,155,44726.8
SO00494,MAT0002,30,995,428287.8
SO00495,MAT0185,10,874,301626.14
SO00495,MAT0149,20,601,186352.07
SO00495,MAT0126,30,493,117905.88
SO00495,MAT0191,40,612,136378.08
SO00496,MAT0170,10,537,154532.49
SO00496,MAT0185,20,226,77994.86
SO00496,MAT0081,30,419,100539.05
SO00496,MAT0022,40,733,26930.42
SO00497,MAT0057,10,48,19931.04
SO00497,MAT0091,20,327,4564.92
SO00498,MAT0141,10,660,272349.0
SO00499,MAT0051,10,797,306924.7
SO00499,MAT0180,20,821,90991.43
SO00499,MAT0124,30,125,19461.25
SO00500,MAT0042,10,970,386651.7
SO00500,MAT0031,20,723,63060.06
SO00501,MAT0134,10,268,78585.64
SO00501,MAT0086,20,923,273263.38
SO00501,MAT0130,30,484,58718.88
SO00502,MAT0043,10,172,81529.72
SO00502,MAT0182,20,113,28526.85
SO00502,MAT0123,30,483,177101.61
SO00502,MAT0012,40,389,98409.22
SO00502,MAT0120,50,266,12642.98
SO00503,MAT0061,10,417,182208.15
SO00503,MAT0086,20,703,208130.18
SO00503,MAT0061,30,6,2621.7
SO00503,MAT0042,40,993,395819.73
SO00503,MAT0073,50,78,14641.38
SO00504,MAT0095,10,238,8222.9
SO00504,MAT0152,20,77,25460.82
SO00504,MAT0182,30,803,202717.35
SO00505,MAT0034,10,406,198261.98
SO00505,MAT0074,20,728,134075.76
SO00505,MAT0159,30,993,447167.76
SO00505,MAT0199,40,859,46609.34
SO00505,MAT0066,50,592,91286.4
SO00506,MAT0072,10,27,9770.49
SO00506,MAT0040,20,505,103494.7
SO00506,MAT0060,30,659,100174.59
SO00506,MAT0156,40,593,262615.98
SO00507,MAT0060,10,546,82997.46
SO00507,MAT0163,20,274,26942.42
SO00507,MAT0086,30,348,103028.88
SO00507,MAT0081,40,779,186921.05
SO00508,MAT0199,10,351,19045.26
SO00509,MAT0165,10,79,15468.2
SO00509,MAT0103,20,785,348626.35
SO00509,MAT0042,30,335,133534.35
SO00509,MAT0190,40,322,13498.24
SO00509,MAT0117,50,348,151915.92
SO00510,MAT0138,10,88,17563.92
SO00510,MAT0116,20,112,33531.68
SO00510,MAT0194,30,793,390568.36
SO00510,MAT0175,40,246,52097.88
SO00511,MAT0187,10,220,16405.4
SO00511,MAT0178,20,822,339412.02
SO00512,MAT0032,10,572,181638.6
SO00513,MAT0191,10,443,98718.12
SO00514,MAT0017,10,736,80746.56
SO00514,MAT0076,20,734,140384.84
SO00515,MAT0146,10,359,135992.79
SO00515,MAT0139,20,157,65012.13
SO00515,MAT0088,30,271,128936.38
SO00515,MAT0167,40,811,362038.51
SO00516,MAT0156,10,139,61557.54
SO00516,MAT0146,20,749,283728.69
SO00516,MAT0194,30,536,263990.72
SO00516,MAT0187,40,667,49738.19
SO00516,MAT0186,50,696,334922.16
SO00517,MAT0049,10,159,67937.52
SO00518,MAT0116,10,222,66464.58
SO00518,MAT0034,20,891,435102.03
SO00518,MAT0070,30,276,98562.36
SO00518,MAT0190,40,396,16600.32
SO00519,MAT0171,10,587,144108.5
SO00520,MAT0150,10,26,10048.74
SO00520,MAT0073,20,765,143598.15
SO00521,MAT0050,10,624,278322.72
SO00521,MAT0104,20,374,38439.72
SO00521,MAT0116,30,704,210770.56
SO00521,MAT0123,40,680,249335.6
SO00522,MAT0155,10,885,430871.1
SO00522,MAT0026,20,517,76934.77
SO00523,MAT0057,10,230,95502.9
SO00523,MAT0047,20,787,87907.9
SO00523,MAT0058,30,867,133726.08
SO00523,MAT0054,40,671,125510.55
SO00524,MAT0144,10,176,76304.8
SO00524,MAT0134,20,567,166261.41
SO00525,MAT0089,10,182,47187.14
SO00526,MAT0098,10,409,98344.05
SO00527,MAT0168,10,389,138211.7
SO00527,MAT0193,20,23,4955.12
SO00527,MAT0051,30,552,212575.2
SO00528,MAT0188,10,322,139860.7
SO00528,MAT0166,20,497,195340.88
SO00529,MAT0112,10,714,177507.54
SO00530,MAT0086,10,211,62468.66
SO00530,MAT0189,20,439,6576.22
SO00530,MAT0152,30,765,252954.9
SO00531,MAT0133,10,877,401613.38
SO00531,MAT0000,20,432,204724.8
SO00532,MAT0173,10,544,54198.72
SO00533,MAT0043,10,619,293412.19
SO00534,MAT0189,10,693,10381.14
SO00534,MAT0038,20,157,34343.75
SO00535,MAT0131,10,120,24607.2
SO00536,MAT0122,10,634,223168.0
SO00536,MAT0198,20,518,158834.34
SO00537,MAT0101,10,707,30966.6
SO00537,MAT0061,20,398,173906.1
SO00537,MAT0013,30,438,201896.1
SO00537,MAT0063,40,747,94077.18
SO00537,MAT0172,50,615,88424.7
SO00538,MAT0128,10,213,65414.43
SO00538,MAT0067,20,334,162060.14
SO00539,MAT0175,10,505,106948.9
SO00539,MAT0025,20,340,7272.6
SO00540,MAT0175,10,243,51462.54
SO00540,MAT0014,20,728,219011.52
SO00540,MAT0063,30,206,25943.64
SO00540,MAT0121,40,814,24761.88
SO00540,MAT0025,50,576,12320.64
SO00541,MAT0081,10,224,53748.8
SO00542,MAT0094,10,131,36711.44
SO00542,MAT0107,20,860,2356.4
SO00543,MAT0157,10,858,90175.8
SO00544,MAT0121,10,215,6540.3
SO00544,MAT0194,20,427,210306.04
SO00544,MAT0148,30,301,140907.13
SO00544,MAT0014,40,121,36401.64
SO00544,MAT0091,50,617,8613.32
SO00545,MAT0042,10,107,42651.27
SO00545,MAT0116,20,773,231428.47
SO00546,MAT0079,10,702,118553.76
SO00546,MAT0180,20,656,72704.48
SO00546,MAT0003,30,151,9642.86
SO00547,MAT0012,10,620,156847.6
SO00547,MAT0069,20,427,168818.72
SO00547,MAT0041,30,784,302098.72
SO00547,MAT0105,40,301,103914.23
SO00548,MAT0198,10,433,132770.79
SO00548,MAT0097,20,302,3696.48
SO00548,MAT0188,30,642,278852.7
SO00549,MAT0067,10,447,216888.87
SO00549,MAT0127,20,700,324023.0
SO00550,MAT0163,10,997,98035.01
SO00550,MAT0177,20,332,95801.92
SO00550,MAT0190,30,719,30140.48
SO00550,MAT0096,40,568,185196.4
SO00550,MAT0085,50,522,37208.16
SO00551,MAT0173,10,557,55493.91
SO00551,MAT0121,20,917,27895.14
SO00552,MAT0161,10,263,112319.41
SO00552,MAT0029,20,412,16203.96
SO00552,MAT0085,30,672,47900.16
SO00553,MAT0186,10,512,246379.52
SO00553,MAT0175,20,553,117114.34
SO00554,MAT0119,10,671,72468.0
SO00554,MAT0050,20,877,391168.31
SO00554,MAT0193,30,161,34685.84
SO00554,MAT0161,40,326,139224.82
SO00555,MAT0147,10,169,45815.9
SO00555,MAT0146,20,344,130310.64
SO00555,MAT0175,30,213,45109.14
SO00555,MAT0112,40,416,103421.76
SO00555,MAT0094,50,130,36431.2
SO00556,MAT0186,10,940,452337.4
SO00556,MAT0165,20,300,58740.0
SO00556,MAT0083,30,833,81217.5
SO00557,MAT0184,10,675,249696.0
SO00557,MAT0176,20,364,157298.96
SO00557,MAT0145,30,589,257805.3
SO00557,MAT0042,40,535,213256.35
SO00557,MAT0122,50,672,236544.0
SO00558,MAT0126,10,550,131538.0
SO00559,MAT0003,10,773,49363.78
SO00559,MAT0117,20,569,248391.26
SO00559,MAT0002,30,285,122675.4
SO00559,MAT0172,40,739,106253.42
SO00559,MAT0086,50,868,256980.08
SO00560,MAT0106,10,643,242044.49
SO00560,MAT0183,20,742,210965.44
SO00560,MAT0179,30,178,21114.36
SO00560,MAT0154,40,527,79534.84
SO00560,MAT0127,50,352,162937.28
SO00561,MAT0044,10,735,99592.5
SO00561,MAT0007,20,920,100132.8
SO00561,MAT0067,30,978,474535.38
SO00562,MAT0139,10,32,13250.88
SO00562,MAT0044,20,646,87533.0
SO00562,MAT0103,30,613,272239.43
SO00562,MAT0142,40,788,203824.08
SO00563,MAT0097,10,642,7858.08
SO00563,MAT0000,20,933,442148.7
SO00563,MAT0054,30,472,88287.6
SO00563,MAT0055,40,466,6235.08
SO00564,MAT0042,10,769,306531.09
SO00564,MAT0048,20,477,99526.05
SO00565,MAT0059,10,190,59340.8
SO00565,MAT0159,20,317,142751.44
SO00565,MAT0047,30,594,66349.8
SO00565,MAT0041,40,897,345641.01
SO00566,MAT0139,10,356,147416.04
SO00566,MAT0040,20,548,112307.12
SO00566,MAT0144,30,514,222844.7
SO00566,MAT0031,40,81,7064.82
SO00566,MAT0063,50,710,89417.4
SO00567,MAT0159,10,568,255781.76
SO00567,MAT0040,20,759,155549.46
SO00567,MAT0054,30,473,88474.65
SO00568,MAT0153,10,756,170629.2
SO00568,MAT0191,20,90,20055.6
SO00568,MAT0151,30,233,71754.68
SO00569,MAT0090,10,819,32669.91
SO00569,MAT0004,20,639,277734.96
SO00569,MAT0160,30,861,373140.18
SO00569,MAT0144,40,701,303918.55
SO00570,MAT0010,10,687,155674.2
SO00570,MAT0143,20,153,70868.07
SO00570,MAT0040,30,366,75008.04
SO00571,MAT0078,10,567,93124.08
SO00572,MAT0133,10,270,123643.8
SO00572,MAT0015,20,581,131096.84
SO00573,MAT0181,10,185,80486.1
SO00573,MAT0153,20,217,48976.9
SO00573,MAT0046,30,494,157487.2
SO00573,MAT0135,40,925,242165.0
SO00573,MAT0081,50,879,210916.05
SO00574,MAT0128,10,692,212520.12
SO00574,MAT0165,20,916,179352.8
SO00574,MAT0170,30,867,249496.59
SO00575,MAT0090,10,556,22178.84
SO00575,MAT0155,20,563,274102.18
SO00575,MAT0166,30,850,334084.0
SO00576,MAT0022,10,246,9038.04
SO00576,MAT0049,20,565,241413.2
SO00577,MAT0002,10,749,322399.56
SO00578,MAT0193,10,80,17235.2
SO00578,MAT0189,20,460,6890.8
SO00578,MAT0119,30,536,57888.0
SO00579,MAT0172,10,972,139754.16
SO00579,MAT0035,20,725,51177.75
SO00579,MAT0073,30,19,3566.49
SO00579,MAT0077,40,155,53476.55
SO00579,MAT0022,50,558,20500.92
SO00580,MAT0019,10,414,33666.48
SO00580,MAT0001,20,362,116560.38
SO00580,MAT0106,30,96,36137.28
SO00581,MAT0180,10,823,91213.09
SO00582,MAT0023,10,273,54815.67
SO00582,MAT0056,20,913,405718.94
SO00582,MAT0132,30,215,16256.15
SO00582,MAT0025,40,38,812.82
SO00583,MAT0084,10,511,158128.95
SO00583,MAT0078,20,256,42045.44
SO00583,MAT0113,30,100,500.0
SO00584,MAT0111,10,3,61.08
SO00585,MAT0026,10,124,18452.44
SO00585,MAT0194,20,368,181247.36
SO00585,MAT0002,30,93,40030.92
SO00586,MAT0123,10,899,329636.33
SO00586,MAT0177,20,218,62906.08
SO00587,MAT0028,10,376,46281.84
SO00587,MAT0163,20,277,27237.41
SO00587,MAT0027,30,660,319842.6
SO00587,MAT0011,40,147,2229.99
SO00587,MAT0071,50,317,32882.41
SO00588,MAT0085,10,40,2851.2
SO00588,MAT0014,20,498,149818.32
SO00588,MAT0108,30,510,79452.9
SO00588,MAT0037,40,453,196751.49
SO00589,MAT0135,10,283,74089.4
SO00589,MAT0103,20,477,211840.47
SO00589,MAT0119,30,319,34452.0
SO00589,MAT0086,40,477,141220.62
SO00590,MAT0174,10,171,30976.65
SO00590,MAT0110,20,985,21689.7
SO00591,MAT0062,10,814,190703.92
SO00591,MAT0125,20,361,67427.58
SO00592,MAT0071,10,711,73752.03
SO00592,MAT0030,20,37,12931.5
SO00592,MAT0049,30,395,168775.6
SO00592,MAT0050,40,634,282783.02
SO00593,MAT0157,10,380,39938.0
SO00593,MAT0023,20,788,158222.52
SO00593,MAT0066,30,505,77871.0
SO00594,MAT0175,10,983,208179.74
SO00594,MAT0076,20,621,118772.46
SO00594,MAT0050,30,775,345673.25
SO00594,MAT0165,40,2,391.6
SO00595,MAT0107,10,200,548.0
SO00595,MAT0124,20,858,133582.02
SO00595,MAT0029,30,786,30913.38
SO00596,MAT0170,10,329,94676.33
SO00597,MAT0067,10,347,168367.87
SO00597,MAT0051,20,116,44671.6
SO00597,MAT0044,30,177,23983.5
SO00597,MAT0140,40,878,96176.12
SO00598,MAT0142,10,796,205893.36
SO00599,MAT0147,10,90,24399.0
SO00600,MAT0110,10,175,3853.5
SO00600,MAT0133,20,140,64111.6
SO00600,MAT0162,30,141,14004.12
SO00600,MAT0193,40,733,157917.52
SO00600,MAT0068,50,69,32057.4
SO00601,MAT0090,10,554,22099.06
SO00601,MAT0154,20,25,3773.0
SO00601,MAT0054,30,547,102316.35
SO00601,MAT0126,40,871,208308.36
SO00601,MAT0012,50,185,46801.3
SO00602,MAT0098,10,781,187791.45
SO00602,MAT0021,20,797,202876.35
SO00602,MAT0004,30,541,235140.24
SO00602,MAT0093,40,211,26786.45
SO00603,MAT0107,10,635,1739.9
SO00604,MAT0107,10,89,243.86
SO00604,MAT0038,20,316,69125.0
SO00604,MAT0149,30,549,170228.43
SO00604,MAT0058,40,987,152234.88
SO00605,MAT0067,10,199,96556.79
SO00605,MAT0077,20,367,126618.67
SO00606,MAT0122,10,327,115104.0
SO00606,MAT0170,20,42,12086.34
SO00607,MAT0035,10,54,3811.86
SO00607,MAT0093,20,675,85691.25
SO00608,MAT0162,10,79,7846.28
SO00609,MAT0030,10,73,25513.5
SO00610,MAT0015,10,936,211199.04
SO00610,MAT0073,20,856,160679.76
SO00610,MAT0020,30,687,319200.81
SO00610,MAT0169,40,910,136045.0
SO00611,MAT0112,10,388,96460.68
SO00611,MAT0094,20,773,216625.52
SO00612,MAT0061,10,78,34082.1
SO00612,MAT0157,20,442,46454.2
SO00612,MAT0110,30,160,3523.2
SO00613,MAT0000,10,754,357320.6
SO00613,MAT0032,20,167,53030.85
SO00613,MAT0049,30,984,420443.52
SO00614,MAT0097,10,418,5116.32
SO00614,MAT0008,20,126,22371.3
SO00614,MAT0074,30,897,165200.49
SO00614,MAT0192,40,200,29666.0
SO00614,MAT0128,50,815,250294.65
SO00615,MAT0177,10,242,69831.52
SO00615,MAT0156,20,322,142600.92
SO00616,MAT0159,10,616,277397.12
SO00616,MAT0117,20,424,185092.96
SO00617,MAT0172,10,791,113729.98
SO00618,MAT0030,10,479,167410.5
SO00618,MAT0174,20,977,176983.55
SO00618,MAT0096,30,649,211606.45
SO00618,MAT0021,40,362,92147.1
SO00619,MAT0167,10,925,412929.25
SO00619,MAT0125,20,723,135041.94
SO00619,MAT0139,30,848,351148.32
SO00619,MAT0072,40,149,53918.63
SO00620,MAT0025,10,76,1625.64
SO00620,MAT0048,20,887,185072.55
SO00620,MAT0013,30,696,320821.2
SO00621,MAT0046,10,103,32836.4
SO00621,MAT0101,20,743,32543.4
SO00621,MAT0029,30,183,7197.39
SO00622,MAT0037,10,226,98158.58
SO00623,MAT0178,10,107,44181.37
SO00623,MAT0079,20,713,120411.44
SO00623,MAT0164,30,542,88400.2
SO00623,MAT0143,40,399,184812.81
SO00624,MAT0059,10,314,98068.48
SO00625,MAT0119,10,300,32400.0
SO00625,MAT0093,20,844,107145.8
SO00626,MAT0049,10,402,171766.56
SO00626,MAT0061,20,734,320721.3
SO00626,MAT0192,30,944,140023.52
SO00627,MAT0175,10,248,52521.44
SO00627,MAT0170,20,362,104172.74
SO00628,MAT0143,10,88,40760.72
SO00629,MAT0184,10,148,54748.16
SO00630,MAT0003,10,254,16220.44
SO00630,MAT0101,20,537,23520.6
SO00630,MAT0143,30,745,345076.55
SO00630,MAT0059,40,850,265472.0
SO00630,MAT0131,50,274,56186.44
SO00631,MAT0167,10,501,223651.41
SO00631,MAT0170,20,37,10647.49
SO00631,MAT0176,30,76,32842.64
SO00632,MAT0097,10,403,4932.72
SO00633,MAT0002,10,857,368887.08
SO00634,MAT0024,10,531,207849.33
SO00634,MAT0012,20,751,189987.98
SO00634,MAT0110,30,249,5482.98
SO00634,MAT0021,40,500,127275.0
SO00634,MAT0135,50,473,123831.4
SO00635,MAT0100,10,596,106868.76
SO00636,MAT0135,10,287,75136.6
SO00636,MAT0122,20,225,79200.0
SO00636,MAT0135,30,39,10210.2
SO00636,MAT0003,40,60,3831.6
SO00636,MAT0029,50,737,28986.21
SO00637,MAT0133,10,333,152494.02
SO00637,MAT0163,20,314,30875.62
SO00637,MAT0199,30,269,14595.94
SO00637,MAT0153,40,31,6996.7
SO00637,MAT0148,50,690,323009.7
SO00638,MAT0170,10,787,226474.99
SO00639,MAT0165,10,783,153311.4
SO00640,MAT0102,10,267,96691.38
SO00640,MAT0141,20,228,94084.2
SO00640,MAT0191,30,199,44345.16
SO00640,MAT0075,40,364,33491.64
SO00641,MAT0124,10,492,76599.48
SO00641,MAT0150,20,707,273248.43
SO00641,MAT0134,30,795,233117.85
SO00641,MAT0025,40,983,21026.37
SO00642,MAT0183,10,574,163199.68
SO00642,MAT0199,20,658,35703.08
SO00642,MAT0175,30,107,22660.46
SO00642,MAT0114,40,590,48816.6
SO00643,MAT0101,10,165,7227.0
SO00643,MAT0055,20,976,13058.88
SO00643,MAT0040,30,234,47955.96
SO00644,MAT0011,10,997,15124.49
SO00644,MAT0155,20,769,374395.34
SO00644,MAT0148,30,653,305688.89
SO00644,MAT0091,40,56,781.76
SO00645,MAT0092,10,749,263108.72
SO00645,MAT0098,20,307,73818.15
SO00645,MAT0077,30,248,85562.48
SO00645,MAT0046,40,302,96277.6
SO00646,MAT0104,10,823,84587.94
SO00647,MAT0079,10,898,151654.24
SO00648,MAT0091,10,117,1633.32
SO00648,MAT0063,20,101,12719.94
SO00648,MAT0089,30,731,189526.37
SO00648,MAT0134,40,273,80051.79
SO00648,MAT0122,50,83,29216.0
SO00649,MAT0096,10,205,66840.25
SO00650,MAT0108,10,21,3271.59
SO00650,MAT0194,20,357,175829.64
SO00650,MAT0154,30,199,30033.08
SO00650,MAT0196,40,247,100017.71
SO00651,MAT0179,10,728,86355.36
SO00651,MAT0075,20,624,57414.24
SO00652,MAT0005,10,266,94722.6
SO00652,MAT0023,20,169,33933.51
SO00652,MAT0167,30,676,301773.16
SO00652,MAT0147,40,553,149918.3
SO00653,MAT0100,10,188,33710.28
SO00653,MAT0011,20,328,4975.76
SO00653,MAT0003,30,737,47064.82
SO00653,MAT0067,40,243,117906.03
SO00653,MAT0002,50,941,405044.04
SO00654,MAT0044,10,800,108400.0
SO00654,MAT0115,20,223,70604.03
SO00654,MAT0029,30,843,33155.19
SO00655,MAT0083,10,114,11115.0
SO00656,MAT0076,10,195,37295.7
SO00656,MAT0097,20,499,6107.76
SO00656,MAT0179,30,180,21351.6
SO00656,MAT0038,40,558,122062.5
SO00657,MAT0174,10,708,128254.2
SO00657,MAT0102,20,943,341498.02
SO00657,MAT0066,30,831,128140.2
SO00657,MAT0122,40,909,319968.0
SO00657,MAT0106,50,771,290227.53
SO00658,MAT0169,10,313,46793.5
SO00659,MAT0032,10,702,222920.1
SO00659,MAT0055,20,378,5057.64
SO00660,MAT0010,10,657,148876.2
SO00660,MAT0046,20,526,167688.8
SO00660,MAT0059,30,834,260474.88
SO00660,MAT0036,40,636,230410.08
SO00661,MAT0154,10,660,99607.2
SO00661,MAT0118,20,983,210538.94
SO00661,MAT0117,30,249,108698.46
SO00661,MAT0145,40,822,359789.4
SO00662,MAT0153,10,775,174917.5
SO00662,MAT0120,20,453,21531.09
SO00663,MAT0006,10,763,25903.85
SO00663,MAT0155,20,770,374882.2
SO00663,MAT0114,30,779,64454.46
SO00664,MAT0175,10,919,194625.82
SO00664,MAT0007,20,361,39291.24
SO00664,MAT0037,30,901,391331.33
SO00664,MAT0114,40,379,31358.46
SO00664,MAT0129,50,402,183295.92
SO00665,MAT0149,10,914,283403.98
SO00666,MAT0007,10,318,34611.12
SO00666,MAT0189,20,977,14635.46
SO00666,MAT0148,30,177,82859.01
SO00666,MAT0149,40,620,192243.4
SO00666,MAT0144,50,867,375887.85
SO00667,MAT0127,10,262,121277.18
SO00668,MAT0044,10,548,74254.0
SO00668,MAT0049,20,572,244404.16
SO00668,MAT0098,30,959,230591.55
SO00669,MAT0067,10,143,69385.03
SO00669,MAT0163,20,939,92331.87
SO00669,MAT0170,30,590,169784.3
SO00669,MAT0028,40,591,72746.19
SO00669,MAT0004,50,663,288166.32
SO00670,MAT0166,10,679,266874.16
SO00670,MAT0175,20,56,11859.68
SO00670,MAT0160,30,373,161650.74
SO00670,MAT0002,40,23,9900.12
SO00671,MAT0077,10,188,64861.88
SO00671,MAT0068,20,730,339158.0
SO00671,MAT0183,30,417,118561.44
SO00671,MAT0054,40,19,3553.95
SO00671,MAT0134,50,629,184441.67
SO00672,MAT0074,10,432,79561.44
SO00673,MAT0036,10,700,253596.0
SO00673,MAT0054,20,425,79496.25
SO00674,MAT0139,10,98,40580.82
SO00674,MAT0122,20,297,104544.0
SO00674,MAT0146,30,913,345853.53
SO00675,MAT0018,10,507,237717.09
SO00676,MAT0045,10,625,202775.0
SO00676,MAT0166,20,701,275521.04
SO00676,MAT0181,30,481,209263.86
SO00676,MAT0103,40,938,416575.18
SO00677,MAT0029,10,519,20412.27
SO00677,MAT0140,20,607,66490.78
SO00678,MAT0187,10,29,2162.53
SO00678,MAT0142,20,509,131657.94
SO00678,MAT0079,30,628,106056.64
SO00678,MAT0061,40,924,403741.8
SO00679,MAT0113,10,711,3555.0
SO00679,MAT0190,20,736,30853.12
SO00680,MAT0025,10,891,19058.49
SO00681,MAT0003,10,631,40295.66
SO00681,MAT0194,20,382,188142.64
SO00682,MAT0021,10,785,199821.75
SO00682,MAT0088,20,507,241220.46
SO00683,MAT0012,10,959,242607.82
SO00684,MAT0008,10,794,140974.7
SO00684,MAT0164,20,739,120530.9
SO00684,MAT0061,30,476,207988.2
SO00684,MAT0053,40,206,54927.84
SO00685,MAT0121,10,821,24974.82
SO00685,MAT0157,20,337,35418.7
SO00685,MAT0103,30,612,271795.32
SO00685,MAT0091,40,815,11377.4
SO00685,MAT0012,50,514,130031.72
SO00686,MAT0187,10,400,29828.0
SO00686,MAT0157,20,605,63585.5
SO00687,MAT0072,10,997,360784.39
SO00687,MAT0099,20,963,237090.6
SO00688,MAT0075,10,979,90077.79
SO00689,MAT0097,10,235,2876.4
SO00689,MAT0048,20,766,159825.9
SO00689,MAT0092,30,583,204796.24
SO00689,MAT0025,40,905,19357.95
SO00689,MAT0102,50,23,8329.22
SO00690,MAT0027,10,415,201113.15
SO00690,MAT0121,20,667,20290.14
SO00690,MAT0034,30,937,457565.21
SO00691,MAT0072,10,393,142214.91
SO00691,MAT0140,20,216,23660.64
SO00692,MAT0182,10,553,139604.85
SO00692,MAT0118,20,688,147355.84
SO00692,MAT0078,30,379,62246.96
SO00692,MAT0037,40,76,33009.08
SO00692,MAT0014,50,664,199757.76
SO00693,MAT0081,10,366,87821.7
SO00694,MAT0058,10,378,58302.72
SO00694,MAT0025,20,795,17005.05
SO00695,MAT0028,10,55,6769.95
SO00695,MAT0150,20,160,61838.4
SO00695,MAT0189,30,524,7849.52
SO00696,MAT0153,10,310,69967.0
SO00696,MAT0139,20,465,192551.85
SO00696,MAT0076,30,66,12623.16
SO00696,MAT0113,40,760,3800.0
SO00697,MAT0018,10,645,302421.15
SO00698,MAT0111,10,801,16308.36
SO00698,MAT0115,20,388,122844.68
SO00698,MAT0055,30,78,1043.64
SO00698,MAT0013,40,872,401948.4
SO00699,MAT0096,10,71,23149.55
SO00700,MAT0153,10,20,4514.0
SO00701,MAT0120,10,775,36835.75
SO00701,MAT0089,20,541,140265.07
SO00702,MAT0077,10,920,317409.2
SO00702,MAT0074,20,557,102582.69
SO00702,MAT0075,30,378,34779.78
SO00703,MAT0161,10,21,8968.47
SO00703,MAT0004,20,884,384221.76
SO00703,MAT0004,30,365,158643.6
SO00704,MAT0042,10,396,157849.56
SO00704,MAT0129,20,225,102591.0
SO00704,MAT0121,30,610,18556.2
SO00705,MAT0175,10,426,90218.28
SO00705,MAT0136,20,756,162199.8
SO00705,MAT0062,30,415,97226.2
SO00705,MAT0121,40,611,18586.62
SO00705,MAT0030,50,822,287289.0
SO00706,MAT0001,10,752,242136.48
SO00706,MAT0107,20,323,885.02
SO00706,MAT0045,30,410,133020.4
SO00706,MAT0002,40,313,134727.72
SO00707,MAT0052,10,453,41377.02
SO00707,MAT0041,20,214,82460.62
SO00707,MAT0188,30,859,373106.65
SO00707,MAT0028,40,347,42712.23
SO00708,MAT0046,10,49,15621.2
SO00708,MAT0169,20,145,21677.5
SO00708,MAT0114,30,318,26311.32
SO00709,MAT0191,10,887,197659.08
SO00709,MAT0044,20,268,36314.0
SO00709,MAT0168,30,929,330073.7
SO00709,MAT0172,40,782,112435.96
SO00709,MAT0174,50,31,5615.65
SO00710,MAT0114,10,304,25152.96
SO00710,MAT0101,20,115,5037.0
SO00710,MAT0092,30,696,244490.88
SO00711,MAT0085,10,485,34570.8
SO00711,MAT0082,20,517,151362.09
SO00711,MAT0153,30,300,67710.0
SO00711,MAT0082,40,876,256466.52
SO00711,MAT0068,50,712,330795.2
SO00712,MAT0060,10,557,84669.57
SO00712,MAT0195,20,626,40220.5
SO00713,MAT0004,10,549,238617.36
SO00713,MAT0076,20,183,35000.58
SO00713,MAT0006,30,80,2716.0
SO00713,MAT0045,40,29,9408.76
SO00714,MAT0066,10,845,130299.0
SO00714,MAT0065,20,476,103472.88
SO00715,MAT0089,10,559,144931.93
SO00715,MAT0159,20,77,34674.64
SO00715,MAT0015,30,496,111917.44
SO00715,MAT0063,40,836,105285.84
SO00715,MAT0003,50,329,21009.94
SO00716,MAT0013,10,768,354009.6
SO00716,MAT0114,20,97,8025.78
SO00716,MAT0027,30,339,164282.79
SO00717,MAT0089,10,557,144413.39
SO00718,MAT0097,10,458,5605.92
SO00718,MAT0106,20,600,225858.0
SO00718,MAT0067,30,5,2426.05
SO00718,MAT0139,40,203,84060.27
SO00719,MAT0022,10,607,22301.18
SO00719,MAT0119,20,666,71928.0
SO00719,MAT0002,30,246,105888.24
SO00719,MAT0059,40,781,243921.92
SO00720,MAT0171,10,134,32897.0
SO00721,MAT0088,10,76,36159.28
SO00721,MAT0156,20,474,209915.64
SO00721,MAT0076,30,485,92761.1
SO00722,MAT0069,10,692,273589.12
SO00722,MAT0038,20,820,179375.0
SO00722,MAT0003,30,84,5364.24
SO00722,MAT0003,40,173,11047.78
SO00723,MAT0163,10,930,91446.9
SO00723,MAT0088,20,427,203158.06
SO00723,MAT0162,30,498,49461.36
SO00724,MAT0088,10,636,302596.08
SO00724,MAT0044,20,437,59213.5
SO00725,MAT0041,10,88,33909.04
SO00725,MAT0160,20,638,276496.44
SO00725,MAT0146,30,867,328428.27
SO00726,MAT0086,10,890,263493.4
SO00726,MAT0043,20,395,187233.95
SO00726,MAT0111,30,261,5313.96
SO00727,MAT0084,10,249,77053.05
SO00727,MAT0097,20,921,11273.04
SO00727,MAT0045,30,672,218023.68
SO00728,MAT0139,10,718,297316.62
SO00728,MAT0142,20,258,66734.28
SO00728,MAT0139,30,564,233546.76
SO00729,MAT0173,10,682,67947.66
SO00729,MAT0082,20,215,62945.55
SO00729,MAT0118,30,217,46477.06
SO00729,MAT0010,40,542,122817.2
SO00729,MAT0189,50,30,449.4
SO00730,MAT0138,10,351,70056.09
SO00730,MAT0126,20,767,183435.72
SO00730,MAT0186,30,312,150137.52
SO00730,MAT0130,40,86,10433.52
SO00730,MAT0054,50,761,142345.05
SO00731,MAT0158,10,242,41178.72
SO00731,MAT0071,20,124,12862.52
SO00731,MAT0086,30,997,295171.82
SO00731,MAT0116,40,473,141611.47
SO00731,MAT0044,50,313,42411.5
SO00732,MAT0164,10,324,52844.4
SO00732,MAT0115,20,208,65854.88
SO00733,MAT0156,10,918,406545.48
SO00733,MAT0081,20,329,78943.55
SO00733,MAT0194,30,246,121159.92
SO00733,MAT0065,40,142,30867.96
SO00734,MAT0190,10,20,838.4
SO00734,MAT0044,20,256,34688.0
SO00734,MAT0043,30,709,336073.09
SO00735,MAT0116,10,475,142210.25
SO00736,MAT0011,10,69,1046.73
SO00737,MAT0159,10,826,371964.32
SO00737,MAT0142,20,361,93376.26
SO00737,MAT0122,30,442,155584.0
SO00738,MAT0145,10,473,207032.1
SO00739,MAT0161,10,783,334395.81
SO00739,MAT0095,20,363,12541.65
SO00739,MAT0086,30,990,293099.4
SO00740,MAT0150,10,186,71887.14
SO00740,MAT0152,20,368,121682.88
SO00740,MAT0133,30,915,419015.1
SO00740,MAT0072,40,352,127378.24
SO00741,MAT0100,10,923,165503.13
SO00742,MAT0147,10,183,49611.3
SO00742,MAT0148,20,766,358587.58
SO00742,MAT0119,30,362,39096.0
SO00742,MAT0065,40,134,29128.92
SO00742,MAT0118,50,382,81816.76
SO00743,MAT0150,10,550,212569.5
SO00743,MAT0151,20,755,232509.8
SO00743,MAT0073,30,241,45238.11
SO00744,MAT0025,10,642,13732.38
SO00744,MAT0069,20,619,244727.84
SO00744,MAT0163,30,325,31957.25
SO00744,MAT0041,40,77,29670.41
SO00744,MAT0083,50,432,42120.0
SO00745,MAT0055,10,517,6917.46
SO00746,MAT0169,10,216,32292.0
SO00747,MAT0021,10,341,86801.55
SO00748,MAT0186,10,190,91429.9
SO00748,MAT0051,20,393,151344.3
SO00749,MAT0029,10,825,32447.25
SO00749,MAT0089,20,364,94374.28
SO00750,MAT0032,10,930,295321.5
SO00750,MAT0120,20,615,29230.95
SO00750,MAT0182,30,872,220136.4
SO00750,MAT0085,40,448,31933.44
SO00751,MAT0181,10,763,331950.78
SO00751,MAT0155,20,178,86661.08
SO00752,MAT0146,10,142,53791.02
SO00752,MAT0014,20,386,116124.24
SO00752,MAT0060,30,256,38914.56
SO00752,MAT0157,40,426,44772.6
SO00752,MAT0051,50,975,375472.5
SO00753,MAT0117,10,748,326531.92
SO00754,MAT0197,10,63,20893.32
SO00754,MAT0132,20,836,63209.96
SO00754,MAT0021,30,763,194221.65
SO00754,MAT0068,40,173,80375.8
SO00754,MAT0165,50,535,104753.0
SO00755,MAT0021,10,561,142802.55
SO00756,MAT0000,10,313,148330.7
SO00756,MAT0148,20,46,21533.98
SO00756,MAT0108,30,823,128215.17
SO00756,MAT0099,40,689,169631.8
SO00757,MAT0109,10,47,10858.88
SO00757,MAT0116,20,509,152389.51
SO00758,MAT0186,10,872,419615.12
SO00758,MAT0027,20,63,30530.43
SO00758,MAT0122,30,986,347072.0
SO00758,MAT0184,40,314,116154.88
SO00758,MAT0027,50,574,278166.14
SO00759,MAT0068,10,238,110574.8
SO00759,MAT0199,20,61,3309.86
SO00759,MAT0143,30,503,232984.57
SO00760,MAT0178,10,953,393503.23
SO00760,MAT0038,20,470,102812.5
SO00761,MAT0021,10,289,73564.95
SO00761,MAT0121,20,539,16396.38
SO00761,MAT0154,30,690,104134.8
SO00761,MAT0188,40,274,119011.9
SO00761,MAT0037,50,428,185893.24
SO00762,MAT0012,10,706,178603.88
SO00762,MAT0078,20,783,128599.92
SO00762,MAT0016,30,377,32881.94
SO00763,MAT0103,10,769,341520.59
SO00763,MAT0080,20,122,50362.82
SO00763,MAT0047,30,105,11728.5
SO00764,MAT0133,10,903,413519.82
SO00764,MAT0179,20,807,95726.34
SO00764,MAT0022,30,937,34425.38
SO00765,MAT0192,10,199,29517.67
SO00765,MAT0145,20,62,27137.4
SO00765,MAT0021,30,759,193203.45
SO00765,MAT0114,40,100,8274.0
SO00766,MAT0080,10,654,269977.74
SO00766,MAT0170,20,218,62733.86
SO00766,MAT0083,30,521,50797.5
SO00766,MAT0155,40,877,426976.22
SO00766,MAT0023,50,852,171073.08
SO00767,MAT0068,10,376,174689.6
SO00768,MAT0056,10,204,90653.52
SO00768,MAT0033,20,448,175571.2
SO00769,MAT0174,10,130,23549.5
SO00770,MAT0028,10,114,14032.26
SO00770,MAT0174,20,286,51808.9
SO00770,MAT0043,30,671,318060.71
SO00771,MAT0168,10,698,247999.4
SO00771,MAT0106,20,295,111046.85
SO00771,MAT0101,30,255,11169.0
SO00772,MAT0004,10,286,124307.04
SO00772,MAT0014,20,267,80324.28
SO00772,MAT0077,30,705,243232.05
SO00772,MAT0122,40,583,205216.0
SO00772,MAT0142,50,284,73459.44
SO00773,MAT0092,10,241,84658.48
SO00773,MAT0148,20,700,327691.0
SO00774,MAT0026,10,35,5208.35
SO00774,MAT0159,20,891,401235.12
SO00774,MAT0066,30,876,135079.2
SO00774,MAT0172,40,844,121350.32
SO00774,MAT0011,50,891,13516.47
SO00775,MAT0126,10,656,156888.96
SO00775,MAT0190,20,14,586.88
SO00775,MAT0112,30,489,121570.29
SO00775,MAT0150,40,230,88892.7
SO00775,MAT0112,50,744,184965.84
SO00776,MAT0156,10,438,193972.68
SO00776,MAT0006,20,400,13580.0
SO00776,MAT0112,30,216,53699.76
SO00777,MAT0182,10,767,193629.15
SO00777,MAT0068,20,356,165397.6
SO00778,MAT0054,10,725,135611.25
SO00778,MAT0130,20,16,1941.12
SO00778,MAT0134,30,466,136645.18
SO00779,MAT0017,10,837,91827.27
SO00780,MAT0143,10,400,185276.0
SO00780,MAT0099,20,34,8370.8
SO00780,MAT0125,30,427,79755.06
SO00780,MAT0049,40,456,194839.68
SO00781,MAT0047,10,949,106003.3
SO00781,MAT0094,20,654,183276.96
SO00782,MAT0154,10,88,13280.96
SO00782,MAT0199,20,379,20564.54
SO00782,MAT0141,30,137,56533.05
SO00782,MAT0090,40,458,18269.62
SO00783,MAT0017,10,972,106638.12
SO00783,MAT0045,20,187,60670.28
SO00783,MAT0007,30,157,17087.88
SO00784,MAT0144,10,522,226313.1
SO00784,MAT0120,20,988,46959.64
SO00784,MAT0115,30,582,184267.02
SO00785,MAT0063,10,422,53146.68
SO00786,MAT0004,10,792,344234.88
SO00786,MAT0005,20,422,150274.2
SO00786,MAT0190,30,342,14336.64
SO00786,MAT0037,40,610,264941.3
SO00786,MAT0083,50,448,43680.0
SO00787,MAT0116,10,898,268852.22
SO00787,MAT0173,20,942,93851.46
SO00787,MAT0143,30,48,22233.12
SO00788,MAT0074,10,526,96873.42
SO00789,MAT0192,10,58,8603.14
SO00790,MAT0085,10,762,54315.36
SO00790,MAT0151,20,556,171225.76
SO00790,MAT0127,30,227,105076.03
SO00790,MAT0157,40,57,5990.7
SO00790,MAT0117,50,967,422134.18
SO00791,MAT0165,10,78,15272.4
SO00791,MAT0166,20,938,368671.52
SO00791,MAT0177,30,374,107921.44
SO00791,MAT0133,40,968,443285.92
SO00791,MAT0090,50,207,8257.23
SO00792,MAT0197,10,713,236459.32
SO00792,MAT0002,20,498,214359.12
SO00793,MAT0019,10,936,76115.52
SO00793,MAT0027,20,741,359096.01
SO00793,MAT0109,30,901,208167.04
SO00793,MAT0066,40,67,10331.4
SO00793,MAT0002,50,371,159693.24
SO00794,MAT0068,10,336,156105.6
SO00794,MAT0090,20,569,22697.41
SO00794,MAT0069,30,411,162492.96
SO00795,MAT0164,10,95,15494.5
SO00795,MAT0157,20,914,96061.4
SO00795,MAT0198,30,285,87389.55
SO00795,MAT0098,40,68,16350.6
SO00795,MAT0067,50,550,266865.5
SO00796,MAT0082,10,972,284572.44
SO00796,MAT0150,20,527,203680.23
SO00796,MAT0183,30,923,262427.36
SO00797,MAT0074,10,138,25415.46
SO00797,MAT0190,20,900,37728.0
SO00797,MAT0125,30,463,86479.14
SO00798,MAT0180,10,709,78578.47
SO00798,MAT0043,20,925,438459.25
SO00799,MAT0018,10,390,182859.3
SO00800,MAT0120,10,909,43204.77
SO00800,MAT0119,20,478,51624.0
SO00800,MAT0054,30,913,170776.65
SO00801,MAT0158,10,674,114687.84
SO00801,MAT0131,20,871,178607.26
SO00801,MAT0015,30,119,26851.16
SO00801,MAT0190,40,197,8258.24
SO00801,MAT0015,50,138,31138.32
SO00802,MAT0109,10,836,193149.44
SO00802,MAT0021,20,442,112511.1
SO00802,MAT0154,30,658,99305.36
SO00803,MAT0097,10,342,4186.08
SO00803,MAT0031,20,250,21805.0
SO00803,MAT0070,30,686,244977.46
SO00804,MAT0091,10,574,8013.04
SO00804,MAT0193,20,473,101903.12
SO00804,MAT0133,30,336,153867.84
SO00804,MAT0093,40,967,122760.65
SO00804,MAT0110,50,18,396.36
SO00805,MAT0166,10,222,87254.88
SO00805,MAT0086,20,767,227078.02
SO00805,MAT0162,30,902,89586.64
SO00805,MAT0024,40,429,167923.47
SO00805,MAT0040,50,384,78696.96
SO00806,MAT0080,10,430,177508.3
SO00806,MAT0179,20,614,72832.68
SO00807,MAT0198,10,50,15331.5
SO00807,MAT0193,20,790,170197.6
SO00807,MAT0135,30,23,6021.4
SO00808,MAT0120,10,78,3707.34
SO00809,MAT0147,10,114,30905.4
SO00810,MAT0058,10,95,14652.8
SO00810,MAT0055,20,226,3023.88
SO00811,MAT0147,10,368,99764.8
SO00811,MAT0044,20,934,126557.0
SO00811,MAT0107,30,565,1548.1
SO00811,MAT0102,40,146,52872.44
SO00811,MAT0119,50,155,16740.0
SO00812,MAT0006,10,827,28076.65
SO00812,MAT0119,20,492,53136.0
SO00813,MAT0111,10,156,3176.16
SO00813,MAT0101,20,429,18790.2
SO00813,MAT0032,30,805,255627.75
SO00813,MAT0192,40,851,126228.83
SO00813,MAT0144,50,713,309121.15
SO00814,MAT0118,10,961,205826.98
SO00815,MAT0106,10,347,130621.21
SO00815,MAT0125,20,965,180242.7
SO00815,MAT0165,30,577,112976.6
SO00815,MAT0099,40,85,20927.0
SO00816,MAT0160,10,353,152983.14
SO00816,MAT0189,20,130,1947.4
SO00816,MAT0049,30,914,390533.92
SO00816,MAT0135,40,710,185878.0
SO00817,MAT0132,10,922,69712.42
SO00817,MAT0181,20,72,31324.32
SO00817,MAT0013,30,509,234623.55
SO00817,MAT0193,40,68,14649.92
SO00817,MAT0180,50,923,102296.09
SO00818,MAT0142,10,564,145884.24
SO00818,MAT0145,20,457,200028.9
SO00818,MAT0010,30,870,197142.0
SO00818,MAT0134,40,534,156584.82
SO00818,MAT0011,50,163,2472.71
SO00819,MAT0055,10,519,6944.22
SO00819,MAT0141,20,421,173725.65
SO00820,MAT0008,10,764,135648.2
SO00820,MAT0124,20,288,44838.72
SO00821,MAT0178,10,237,97859.67
SO00821,MAT0108,20,451,70261.29
SO00822,MAT0000,10,435,206146.5
SO00822,MAT0189,20,672,10066.56
SO00822,MAT0096,30,541,176393.05
SO00822,MAT0159,40,918,413393.76
SO00822,MAT0072,50,334,120864.58
SO00823,MAT0072,10,887,320978.69
SO00823,MAT0037,20,61,26494.13
SO00823,MAT0095,30,826,28538.3
SO00823,MAT0002,40,876,377065.44
SO00823,MAT0064,50,178,86826.62
SO00824,MAT0155,10,632,307695.52
SO00824,MAT0074,20,764,140705.88
SO00824,MAT0053,30,789,210378.96
SO00824,MAT0196,40,347,140510.71
SO00824,MAT0182,50,384,96940.8
SO00825,MAT0034,10,806,393593.98
SO00826,MAT0091,10,595,8306.2
SO00827,MAT0054,10,234,43769.7
SO00828,MAT0177,10,403,116289.68
SO00828,MAT0166,20,949,372994.96
SO00828,MAT0058,30,806,124317.44
SO00829,MAT0161,10,755,322437.85
SO00829,MAT0127,20,549,254126.61
SO00829,MAT0066,30,945,145719.0
SO00829,MAT0160,40,671,290797.98
SO00830,MAT0101,10,524,22951.2
SO00831,MAT0005,10,150,53415.0
SO00831,MAT0029,20,314,12349.62
SO00832,MAT0076,10,401,76695.26
SO00832,MAT0028,20,905,111396.45
SO00832,MAT0016,30,596,51983.12
SO00833,MAT0180,10,349,38679.67
SO00833,MAT0013,20,168,77439.6
SO00834,MAT0079,10,440,74307.2
SO00834,MAT0088,20,607,288798.46
SO00835,MAT0016,10,384,33492.48
SO00835,MAT0121,20,682,20746.44
SO00835,MAT0044,30,854,115717.0
SO00836,MAT0097,10,25,306.0
SO00837,MAT0153,10,279,62970.3
SO00837,MAT0194,20,623,306839.96
SO00837,MAT0087,30,834,134299.02
SO00837,MAT0174,40,928,168107.2
SO00838,MAT0056,10,962,427493.56
SO00838,MAT0166,20,124,48736.96
SO00838,MAT0177,30,925,266918.0
SO00838,MAT0189,40,654,9796.92
SO00839,MAT0104,10,318,32684.04
SO00839,MAT0009,20,527,15525.42
SO00839,MAT0139,30,696,288206.64
SO00840,MAT0005,10,614,218645.4
SO00840,MAT0098,20,926,222656.7
SO00840,MAT0117,30,598,261050.92
SO00840,MAT0060,40,725,110207.25
SO00841,MAT0063,10,158,19898.52
SO00841,MAT0021,20,576,146620.8
SO00842,MAT0134,10,397,116412.31
SO00842,MAT0153,20,125,28212.5
SO00842,MAT0076,30,989,189156.14
SO00842,MAT0086,40,822,243361.32
SO00842,MAT0065,50,569,123689.22
SO00843,MAT0048,10,785,163790.25
SO00843,MAT0156,20,799,353845.14
SO00843,MAT0029,30,349,13726.17
SO00844,MAT0139,10,487,201661.83
SO00844,MAT0028,20,327,40250.43
SO00844,MAT0160,30,180,78008.4
SO00844,MAT0151,40,600,184776.0
SO00844,MAT0164,50,256,41753.6
SO00845,MAT0013,10,223,102791.85
SO00846,MAT0078,10,781,128271.44
SO00846,MAT0011,20,412,6250.04
SO00846,MAT0156,30,144,63771.84
SO00847,MAT0131,10,394,80793.64
SO00847,MAT0039,20,729,50410.35
SO00847,MAT0131,30,879,180247.74
SO00847,MAT0040,40,713,146122.22
SO00848,MAT0056,10,885,393276.3
SO00849,MAT0083,10,462,45045.0
SO00849,MAT0101,20,300,13140.0
SO00849,MAT0010,30,754,170856.4
SO00850,MAT0151,10,669,206025.24
SO00850,MAT0190,20,335,14043.2
SO00850,MAT0018,30,660,309454.2
SO00850,MAT0120,40,744,35362.32
SO00850,MAT0082,50,301,88123.77
SO00851,MAT0017,10,899,98629.29
SO00851,MAT0056,20,202,89764.76
SO00851,MAT0146,30,364,137886.84
SO00851,MAT0089,40,75,19445.25
SO00851,MAT0109,50,180,41587.2
SO00852,MAT0166,10,724,284560.96
SO00853,MAT0029,10,108,4247.64
SO00853,MAT0084,20,441,136467.45
SO00853,MAT0132,30,867,65553.87
SO00853,MAT0005,40,649,231108.9
SO00853,MAT0107,50,205,561.7
SO00854,MAT0064,10,532,259504.28
SO00854,MAT0064,20,555,270723.45
SO00854,MAT0094,30,721,202053.04
SO00854,MAT0028,40,567,69792.03
SO00855,MAT0024,10,447,174969.21
SO00855,MAT0010,20,487,110354.2
SO00856,MAT0000,10,78,36964.2
SO00857,MAT0060,10,191,29033.91
SO00857,MAT0194,20,365,179769.8
SO00858,MAT0145,10,255,111613.5
SO00858,MAT0117,20,297,129652.38
SO00858,MAT0053,30,472,125854.08
SO00858,MAT0005,40,11,3917.1
SO00859,MAT0144,10,537,232816.35
SO00859,MAT0103,20,520,230937.2
SO00860,MAT0027,10,628,304335.08
SO00860,MAT0084,20,577,178552.65
SO00860,MAT0126,30,765,182957.4
SO00861,MAT0024,10,331,129563.33
SO00861,MAT0152,20,766,253285.56
SO00861,MAT0165,30,864,169171.2
SO00861,MAT0061,40,586,256052.7
SO00862,MAT0046,10,340,108392.0
SO00862,MAT0006,20,327,11101.65
SO00862,MAT0151,30,563,173381.48
SO00863,MAT0158,10,517,87972.72
SO00863,MAT0044,20,172,23306.0
SO00863,MAT0025,30,469,10031.91
SO00863,MAT0073,40,898,168563.58
SO00864,MAT0019,10,439,35699.48
SO00864,MAT0144,20,772,334700.6
SO00864,MAT0105,30,617,213006.91
SO00864,MAT0170,40,163,46906.51
SO00865,MAT0064,10,398,194140.42
SO00865,MAT0126,20,131,31329.96
SO00866,MAT0068,10,417,193738.2
SO00866,MAT0115,20,382,120945.02
SO00866,MAT0028,30,653,80377.77
SO00867,MAT0136,10,583,125082.65
SO00867,MAT0167,20,606,270524.46
SO00867,MAT0107,30,968,2652.32
SO00867,MAT0070,40,661,236049.71
SO00868,MAT0000,10,751,355898.9
SO00868,MAT0178,20,494,203977.54
SO00869,MAT0003,10,987,63029.82
SO00869,MAT0062,20,370,86683.6
SO00870,MAT0080,10,784,323643.04
SO00870,MAT0016,20,145,12646.9
SO00871,MAT0137,10,239,25804.83
SO00872,MAT0111,10,529,10770.44
SO00872,MAT0083,20,480,46800.0
SO00872,MAT0105,30,955,329694.65
SO00872,MAT0150,40,980,378760.2
SO00872,MAT0063,50,333,41938.02
SO00873,MAT0114,10,708,58579.92
SO00873,MAT0155,20,206,100293.16
SO00873,MAT0178,30,949,391851.59
SO00873,MAT0127,40,949,439282.61
SO00874,MAT0126,10,750,179370.0
SO00875,MAT0178,10,173,71433.43
SO00875,MAT0019,20,329,26754.28
SO00875,MAT0031,30,565,49279.3
SO00876,MAT0055,10,998,13353.24
SO00876,MAT0061,20,751,328149.45
SO00877,MAT0060,10,926,140761.26
SO00877,MAT0014,20,166,49939.44
SO00877,MAT0123,30,326,119534.42
SO00878,MAT0135,10,625,163625.0
SO00878,MAT0040,20,951,194897.94
SO00878,MAT0171,30,954,234207.0
SO00878,MAT0175,40,549,116267.22
SO00878,MAT0064,50,727,354623.33
SO00879,MAT0003,10,718,45851.48
SO00880,MAT0166,10,249,97866.96
SO00880,MAT0186,20,669,321929.49
SO00881,MAT0093,10,695,88230.25
SO00881,MAT0093,20,317,40243.15
SO00881,MAT0041,30,416,160297.28
SO00882,MAT0019,10,373,30332.36
SO00882,MAT0199,20,208,11286.08
SO00882,MAT0159,30,349,157161.68
SO00883,MAT0043,10,101,47875.01
SO00883,MAT0121,20,498,15149.16
SO00883,MAT0138,30,572,114165.48
SO00883,MAT0063,40,184,23172.96
SO00883,MAT0190,50,349,14630.08
SO00884,MAT0031,10,745,64978.9
SO00884,MAT0097,20,114,1395.36
SO00884,MAT0060,30,359,54571.59
SO00884,MAT0137,40,974,105162.78
SO00884,MAT0054,50,608,113726.4
SO00885,MAT0115,10,250,79152.5
SO00886,MAT0198,10,383,117439.29
SO00886,MAT0147,20,631,171064.1
SO00886,MAT0072,30,113,40891.31
SO00886,MAT0155,40,935,455214.1
SO00887,MAT0194,10,195,96041.4
SO00887,MAT0049,20,111,47428.08
SO00887,MAT0080,30,538,222091.78
SO00887,MAT0101,40,297,13008.6
SO00887,MAT0126,50,279,66725.64
SO00888,MAT0199,10,279,15138.54
SO00889,MAT0169,10,514,76843.0
SO00889,MAT0053,20,207,55194.48
SO00889,MAT0156,30,901,399016.86
SO00890,MAT0138,10,7,1397.13
SO00890,MAT0135,20,212,55501.6
SO00890,MAT0084,30,803,248488.35
SO00891,MAT0161,10,767,327562.69
SO00891,MAT0179,20,762,90388.44
SO00891,MAT0061,30,845,369222.75
SO00891,MAT0041,40,612,235821.96
SO00892,MAT0063,10,769,96847.86
SO00893,MAT0148,10,939,439574.07
SO00894,MAT0137,10,978,105594.66
SO00895,MAT0161,10,67,28613.69
SO00895,MAT0079,20,477,80555.76
SO00895,MAT0138,30,5,997.95
SO00896,MAT0071,10,681,70640.13
SO00896,MAT0180,20,992,109943.36
SO00896,MAT0041,30,874,336778.42
SO00896,MAT0002,40,545,234589.8
SO00897,MAT0173,10,795,79205.85
SO00897,MAT0034,20,565,275906.45
SO00897,MAT0176,30,215,92910.1
SO00897,MAT0060,40,699,106254.99
SO00897,MAT0098,50,953,229148.85
SO00898,MAT0007,10,651,70854.84
SO00898,MAT0105,20,213,73533.99
SO00898,MAT0153,30,450,101565.0
SO00898,MAT0172,40,628,90293.84
SO00899,MAT0148,10,667,312242.71
SO00899,MAT0145,20,40,17508.0
SO00899,MAT0085,30,871,62084.88
SO00899,MAT0119,40,239,25812.0
SO00900,MAT0105,10,29,10011.67
SO00900,MAT0063,20,495,62340.3
SO00901,MAT0064,10,118,57559.22
SO00902,MAT0026,10,201,29910.81
SO00903,MAT0055,10,154,2060.52
SO00903,MAT0044,20,542,73441.0
SO00904,MAT0040,10,121,24797.74
SO00905,MAT0193,10,940,202513.6
SO00905,MAT0018,20,299,140192.13
SO00905,MAT0179,30,18,2135.16
SO00906,MAT0140,10,27,2957.58
SO00906,MAT0045,20,368,119393.92
SO00906,MAT0107,30,1000,2740.0
SO00906,MAT0116,40,274,82032.86
SO00907,MAT0026,10,299,44494.19
SO00907,MAT0071,20,186,19293.78
SO00907,MAT0012,30,838,211997.24
SO00908,MAT0008,10,995,176662.25
SO00908,MAT0066,20,819,126289.8
SO00908,MAT0170,30,704,202590.08
SO00908,MAT0023,40,957,192156.03
SO00908,MAT0070,50,777,277474.47
SO00909,MAT0026,10,447,66518.07
SO00909,MAT0106,20,135,50818.05
SO00909,MAT0184,30,20,7398.4
SO00909,MAT0081,40,771,185001.45
SO00909,MAT0190,50,891,37350.72
SO00910,MAT0173,10,897,89368.11
SO00910,MAT0192,20,470,69715.1
SO00911,MAT0121,10,276,8395.92
SO00911,MAT0065,20,444,96516.72
SO00911,MAT0063,30,221,27832.74
SO00911,MAT0124,40,97,15101.93
SO00912,MAT0130,10,428,51924.96
SO00912,MAT0009,20,597,17587.62
SO00912,MAT0110,30,20,440.4
SO00912,MAT0107,40,80,219.2
SO00913,MAT0150,10,588,227256.12
SO00913,MAT0043,20,57,27018.57
SO00913,MAT0107,30,302,827.48
SO00914,MAT0095,10,264,9121.2
SO00914,MAT0031,20,397,34626.34
SO00914,MAT0100,30,39,6993.09
SO00915,MAT0190,10,988,41416.96
SO00915,MAT0165,20,149,29174.2
SO00915,MAT0022,30,658,24174.92
SO00916,MAT0006,10,898,30487.1
SO00916,MAT0010,20,832,188531.2
SO00917,MAT0194,10,681,335406.12
SO00917,MAT0169,20,667,99716.5
SO00917,MAT0137,30,772,83352.84
SO00917,MAT0136,40,121,25960.55
SO00918,MAT0076,10,30,5737.8
SO00918,MAT0135,20,795,208131.0
SO00918,MAT0168,30,795,282463.5
SO00918,MAT0064,40,730,356086.7
SO00918,MAT0162,50,601,59691.32
SO00919,MAT0179,10,730,86592.6
SO00919,MAT0108,20,722,112480.38
SO00920,MAT0084,10,389,120376.05
SO00920,MAT0144,20,897,388894.35
SO00920,MAT0180,30,426,47213.58
SO00921,MAT0003,10,572,36527.92
SO00921,MAT0007,20,116,12625.44
SO00922,MAT0137,10,664,71692.08
SO00922,MAT0044,20,954,129267.0
SO00923,MAT0061,10,36,15730.2
SO00923,MAT0152,20,44,14549.04
SO00923,MAT0161,30,570,243429.9
SO00923,MAT0186,40,118,56782.78
SO00923,MAT0009,50,355,10458.3
SO00924,MAT0123,10,658,241268.86
SO00924,MAT0153,20,548,123683.6
SO00924,MAT0039,30,398,27521.7
SO00924,MAT0188,40,358,155497.3
SO00924,MAT0118,50,33,7067.94
SO00925,MAT0095,10,879,30369.45
SO00925,MAT0108,20,881,137250.99
SO00926,MAT0088,10,53,25216.34
SO00926,MAT0007,20,697,75861.48
SO00927,MAT0100,10,598,107227.38
SO00927,MAT0045,20,326,105767.44
SO00927,MAT0004,30,73,31728.72
SO00927,MAT0184,40,641,237118.72
SO00927,MAT0150,50,227,87733.23
SO00928,MAT0026,10,96,14285.76
SO00928,MAT0193,20,194,41795.36
SO00928,MAT0180,30,685,75918.55
SO00928,MAT0164,40,974,158859.4
SO00929,MAT0171,10,346,84943.0
SO00929,MAT0012,20,860,217562.8
SO00930,MAT0017,10,352,38617.92
SO00931,MAT0083,10,177,17257.5
SO00931,MAT0069,20,641,253425.76
SO00932,MAT0020,10,482,223951.66
SO00932,MAT0046,20,16,5100.8
SO00932,MAT0160,30,103,44638.14
SO00932,MAT0135,40,41,10733.8
SO00933,MAT0169,10,517,77291.5
SO00933,MAT0149,20,176,54572.32
SO00933,MAT0005,30,476,169503.6
SO00933,MAT0029,40,678,26665.74
SO00934,MAT0153,10,817,184396.9
SO00935,MAT0176,10,45,19446.3
SO00935,MAT0177,20,506,146011.36
SO00935,MAT0191,30,508,113202.72
SO00935,MAT0048,40,985,205520.25
SO00936,MAT0015,10,389,87773.96
SO00936,MAT0165,20,618,121004.4
SO00936,MAT0036,30,695,251784.6
SO00937,MAT0052,10,517,47222.78
SO00937,MAT0049,20,243,103829.04
SO00937,MAT0044,30,840,113820.0
SO00937,MAT0040,40,180,36889.2
SO00938,MAT0005,10,195,69439.5
SO00938,MAT0087,20,599,96456.97
SO00938,MAT0005,30,850,302685.0
SO00938,MAT0142,40,65,16812.9
SO00939,MAT0050,10,111,49509.33
SO00939,MAT0056,20,901,400386.38
SO00939,MAT0114,30,928,76782.72
SO00940,MAT0180,10,173,19173.59
SO00940,MAT0030,20,203,70948.5
SO00941,MAT0193,10,763,164380.72
SO00941,MAT0175,20,439,92971.42
SO00941,MAT0178,30,345,142453.95
SO00941,MAT0117,40,672,293354.88
SO00942,MAT0140,10,620,67914.8
SO00942,MAT0149,20,438,135810.66
SO00943,MAT0081,10,704,168924.8
SO00943,MAT0092,20,985,346010.8
SO00943,MAT0167,30,166,74104.06
SO00943,MAT0141,40,52,21457.8
SO00944,MAT0064,10,316,154141.64
SO00945,MAT0021,10,648,164948.4
SO00945,MAT0065,20,924,200859.12
SO00946,MAT0101,10,396,17344.8
SO00946,MAT0037,20,351,152449.83
SO00946,MAT0191,30,199,44345.16
SO00946,MAT0186,40,893,429720.53
SO00947,MAT0020,10,69,32059.47
SO00947,MAT0103,20,743,329973.73
SO00948,MAT0095,10,927,32027.85
SO00949,MAT0156,10,76,33657.36
SO00950,MAT0137,10,696,75147.12
SO00950,MAT0182,20,938,236798.1
SO00950,MAT0019,30,301,24477.32
SO00950,MAT0142,40,925,239260.5
SO00950,MAT0034,50,271,132337.43
SO00951,MAT0015,10,988,222932.32
SO00951,MAT0118,20,694,148640.92
SO00951,MAT0002,30,83,35726.52
SO00951,MAT0090,40,385,15357.65
SO00952,MAT0074,10,179,32966.43
SO00953,MAT0170,10,727,209208.79
SO00953,MAT0053,20,563,150118.32
SO00953,MAT0119,30,666,71928.0
SO00954,MAT0090,10,680,27125.2
SO00954,MAT0045,20,720,233596.8
SO00955,MAT0077,10,892,307748.92
SO00955,MAT0127,20,447,206911.83
SO00955,MAT0007,30,987,107425.08
SO00956,MAT0095,10,682,23563.1
SO00956,MAT0097,20,39,477.36
SO00956,MAT0050,30,893,398304.79
SO00956,MAT0120,40,160,7604.8
SO00956,MAT0178,50,409,168880.19
SO00957,MAT0082,10,748,218991.96
SO00957,MAT0183,20,605,172013.6
SO00957,MAT0005,30,81,28844.1
SO00957,MAT0188,40,408,177214.8
SO00958,MAT0165,10,383,74991.4
SO00958,MAT0059,20,564,176148.48
SO00959,MAT0036,10,371,134405.88
SO00959,MAT0189,20,189,2831.22
SO00960,MAT0090,10,698,27843.22
SO00960,MAT0085,20,417,29723.76
SO00960,MAT0132,30,827,62529.47
SO00960,MAT0164,40,498,81223.8
SO00961,MAT0018,10,406,190361.22
SO00962,MAT0111,10,509,10363.24
SO00962,MAT0194,20,312,153666.24
SO00962,MAT0188,30,953,413935.55
SO00962,MAT0128,40,995,305574.45
SO00963,MAT0036,10,977,353947.56
SO00963,MAT0119,20,919,99252.0
SO00963,MAT0159,30,16,7205.12
SO00963,MAT0107,40,109,298.66
SO00964,MAT0010,10,404,91546.4
SO00964,MAT0035,20,642,45318.78
SO00964,MAT0052,30,789,72067.26
SO00965,MAT0154,10,65,9809.8
SO00966,MAT0091,10,230,3210.8
SO00966,MAT0060,20,834,126776.34
SO00966,MAT0046,30,682,217421.6
SO00966,MAT0120,40,90,4277.7
SO00966,MAT0035,50,744,52518.96
SO00967,MAT0135,10,727,190328.6
SO00967,MAT0050,20,899,400980.97
SO00967,MAT0130,30,551,66847.32
SO00967,MAT0178,40,993,410019.63
SO00967,MAT0069,50,283,111886.88
SO00968,MAT0104,10,646,66395.88
SO00969,MAT0167,10,462,206241.42
SO00970,MAT0055,10,754,10088.52
SO00970,MAT0074,20,47,8655.99
SO00970,MAT0170,30,999,287482.23
SO00970,MAT0003,40,87,5555.82
SO00970,MAT0195,50,986,63350.5
SO00971,MAT0028,10,785,96625.65
SO00971,MAT0132,20,193,14592.73
SO00971,MAT0053,30,585,155984.4
SO00971,MAT0012,40,865,218827.7
SO00971,MAT0186,50,423,203551.83
SO00972,MAT0105,10,70,24166.1
SO00972,MAT0035,20,603,42565.77
SO00972,MAT0118,30,400,85672.0
SO00972,MAT0159,40,507,228312.24
SO00973,MAT0042,10,976,389043.36
SO00973,MAT0101,20,317,13884.6
SO00973,MAT0174,30,763,138217.45
SO00973,MAT0167,40,996,444624.36
SO00973,MAT0189,50,330,4943.4
SO00974,MAT0081,10,997,239230.15
SO00974,MAT0141,20,844,348276.6
SO00974,MAT0149,30,845,262009.15
SO00974,MAT0161,40,989,422372.23
SO00974,MAT0199,50,58,3147.08
SO00975,MAT0171,10,638,156629.0
SO00976,MAT0081,10,261,62626.95
SO00976,MAT0124,20,279,43437.51
SO00976,MAT0171,30,197,48363.5
SO00976,MAT0079,40,722,121931.36
SO00977,MAT0008,10,118,20950.9
SO00977,MAT0009,20,75,2209.5
SO00977,MAT0053,30,627,167183.28
SO00978,MAT0025,10,866,18523.74
SO00979,MAT0106,10,258,97118.94
SO00979,MAT0172,20,632,90868.96
SO00979,MAT0042,30,949,378280.89
SO00980,MAT0143,10,253,117187.07
SO00980,MAT0065,20,606,131732.28
SO00981,MAT0171,10,619,151964.5
SO00982,MAT0052,10,271,24753.14
SO00982,MAT0193,20,860,185278.4
SO00982,MAT0059,30,27,8432.64
SO00982,MAT0131,40,606,124266.36
SO00982,MAT0031,50,758,66112.76
SO00983,MAT0074,10,713,131313.21
SO00983,MAT0089,20,143,37075.61
SO00983,MAT0052,30,781,71336.54
SO00983,MAT0190,40,702,29427.84
SO00983,MAT0093,50,638,80994.1
SO00984,MAT0187,10,911,67933.27
SO00984,MAT0001,20,444,142963.56
SO00984,MAT0067,30,603,292581.63
SO00984,MAT0137,40,95,10257.15
SO00985,MAT0056,10,742,329729.96
SO00985,MAT0087,20,660,106279.8
SO00986,MAT0042,10,315,125562.15
SO00986,MAT0038,20,829,181343.75
SO00986,MAT0170,30,48,13812.96
SO00986,MAT0037,40,794,344858.02
SO00987,MAT0183,10,753,214092.96
SO00987,MAT0027,20,600,290766.0
SO00987,MAT0193,30,978,210700.32
SO00988,MAT0020,10,39,18120.57
SO00989,MAT0128,10,62,19040.82
SO00989,MAT0032,20,163,51760.65
SO00989,MAT0068,30,886,411635.6
SO00990,MAT0090,10,163,6502.07
SO00990,MAT0143,20,945,437714.55
SO00990,MAT0147,30,494,133923.4
SO00990,MAT0015,40,613,138317.32
SO00991,MAT0051,10,482,185618.2
SO00991,MAT0105,20,980,338325.4
SO00991,MAT0048,30,742,154818.3
SO00991,MAT0156,40,22,9742.92
SO00991,MAT0158,50,217,36924.72
SO00992,MAT0144,10,897,388894.35
SO00992,MAT0079,20,701,118384.88
SO00992,MAT0066,30,589,90823.8
SO00992,MAT0065,40,940,204337.2
SO00992,MAT0126,50,687,164302.92
SO00993,MAT0046,10,603,192236.4
SO00993,MAT0007,20,282,30692.88
SO00993,MAT0033,30,743,291181.7
SO00994,MAT0120,10,667,31702.51
SO00995,MAT0105,10,454,156734.42
SO00995,MAT0127,20,893,413360.77
SO00995,MAT0156,30,137,60671.82
SO00996,MAT0120,10,985,46817.05
SO00997,MAT0156,10,397,175815.42
SO00997,MAT0082,20,878,257052.06
SO00997,MAT0055,30,500,6690.0
SO00997,MAT0086,40,63,18651.78
SO00997,MAT0035,50,907,64025.13
SO00998,MAT0053,10,710,189314.4
SO00998,MAT0123,20,409,149968.03
SO00998,MAT0198,30,645,197776.35
SO00998,MAT0130,40,790,95842.8
SO00998,MAT0199,50,179,9712.54
SO00999,MAT0075,10,161,14813.61
SO00999,MAT0165,20,437,85564.6
SO00999,MAT0181,30,59,25668.54
