order_id,customer_id,order_date,order_status
SO00000,CUST0175,2026-06-24,Cancel In Progress
SO00001,CUST0393,2026-06-09,Completed
SO00002,CUST0234,2026-04-10,Completed
SO00003,CUST0840,2026-03-12,Completed
SO00004,CUST0074,2026-05-30,In Progress
SO00005,CUST0334,2026-01-04,Completed
SO00006,CUST0779,2026-04-06,Open
SO00007,CUST0184,2026-01-28,Open
SO00008,CUST0421,2026-03-28,Cancel In Progress
SO00009,CUST0585,2026-08-30,In Progress
SO00010,CUST0597,2026-02-17,Completed
SO00011,CUST0132,2026-06-05,Completed
SO00012,CUST0727,2026-04-28,Completed
SO00013,CUST0649,2026-01-19,Completed
SO00014,CUST0441,2026-02-07,In Progress
SO00015,CUST0189,2026-01-31,Open
SO00016,CUST0764,2026-05-08,Open
SO00017,CUST0524,2026-08-27,Completed
SO00018,CUST0052,2026-08-03,Cancel In Progress
SO00019,CUST0438,2026-04-04,Cancelled
SO00020,CUST0983,2026-01-15,Completed
SO00021,CUST0638,2026-04-23,Cancelled
SO00022,CUST0140,2026-01-30,Open
SO00023,CUST0955,2026-05-28,Cancel In Progress
SO00024,CUST0558,2026-01-08,In Progress
SO00025,CUST0826,2026-02-08,Cancelled
SO00026,CUST0706,2026-08-02,Completed
SO00027,CUST0388,2026-02-26,Completed
SO00028,CUST0741,2026-01-17,Cancel In Progress
SO00029,CUST0814,2026-07-10,Cancelled
SO00030,CUST0437,2026-07-19,Completed
SO00031,CUST0868,2026-05-31,Completed
SO00032,CUST0748,2026-02-20,Completed
SO00033,CUST0280,2026-03-08,Open
SO00034,CUST0540,2026-07-01,Completed
SO00035,CUST0063,2026-03-10,In Progress
SO00036,CUST0004,2026-05-29,Open
SO00037,CUST0176,2026-08-03,In Progress
SO00038,CUST0935,2026-04-18,Cancel In Progress
SO00039,CUST0734,2026-04-02,In Progress
SO00040,CUST0481,2026-07-11,Cancelled
SO00041,CUST0573,2026-06-19,Completed
SO00042,CUST0648,2026-07-21,Cancel In Progress
SO00043,CUST0336,2026-04-02,In Progress
SO00044,CUST0469,2026-07-23,Completed
SO00045,CUST0780,2026-05-18,Open
SO00046,CUST0622,2026-07-12,Cancelled
SO00047,CUST0820,2026-02-16,Completed
SO00048,CUST0510,2026-05-11,Completed
SO00049,CUST0011,2026-01-12,Open
SO00050,CUST0796,2026-02-17,Cancel In Progress
SO00051,CUST0703,2026-03-15,In Progress
SO00052,CUST0208,2026-01-22,In Progress
SO00053,CUST0801,2026-07-30,In Progress
SO00054,CUST0253,2026-07-31,Open
SO00055,CUST0626,2026-06-19,Cancelled
SO00056,CUST0589,2026-02-02,Open
SO00057,CUST0312,2026-02-23,Cancelled
SO00058,CUST0487,2026-01-06,In Progress
SO00059,CUST0820,2026-08-25,In Progress
SO00060,CUST0935,2026-01-19,In Progress
SO00061,CUST0131,2026-05-28,Open
SO00062,CUST0014,2026-05-25,Open
SO00063,CUST0170,2026-06-16,Open
SO00064,CUST0437,2026-03-01,In Progress
SO00065,CUST0222,2026-06-06,Cancel In Progress
SO00066,CUST0765,2026-01-30,In Progress
SO00067,CUST0843,2026-08-10,Cancel In Progress
SO00068,CUST0723,2026-06-18,Cancelled
SO00069,CUST0785,2026-02-08,Cancel In Progress
SO00070,CUST0546,2026-07-16,Open
SO00071,CUST0048,2026-06-05,In Progress
SO00072,CUST0944,2026-01-26,Completed
SO00073,CUST0277,2026-05-04,In Progress
SO00074,CUST0781,2026-08-13,Completed
SO00075,CUST0563,2026-08-22,Open
SO00076,CUST0546,2026-08-01,In Progress
SO00077,CUST0252,2026-04-10,Cancelled
SO00078,CUST0702,2026-04-06,In Progress
SO00079,CUST0258,2026-07-25,Cancel In Progress
SO00080,CUST0630,2026-04-28,Completed
SO00081,CUST0090,2026-04-23,Cancel In Progress
SO00082,CUST0056,2026-08-30,In Progress
SO00083,CUST0128,2026-07-08,Cancelled
SO00084,CUST0577,2026-07-03,Cancelled
SO00085,CUST0456,2026-03-21,Cancelled
SO00086,CUST0168,2026-01-24,In Progress
SO00087,CUST0190,2026-03-10,Open
SO00088,CUST0023,2026-05-20,Cancelled
SO00089,CUST0094,2026-02-04,In Progress
SO00090,CUST0078,2026-07-29,Completed
SO00091,CUST0335,2026-04-13,Cancel In Progress
SO00092,CUST0128,2026-01-29,Cancelled
SO00093,CUST0933,2026-02-01,Completed
SO00094,CUST0594,2026-03-26,Open
SO00095,CUST0788,2026-03-12,Cancel In Progress
SO00096,CUST0023,2026-02-04,Cancelled
SO00097,CUST0441,2026-02-23,In Progress
SO00098,CUST0484,2026-03-20,Open
SO00099,CUST0981,2026-03-27,Completed
SO00100,CUST0560,2026-08-07,Completed
SO00101,CUST0731,2026-08-13,Completed
SO00102,CUST0394,2026-08-14,Cancelled
SO00103,CUST0807,2026-07-24,Open
SO00104,CUST0911,2026-04-11,Open
SO00105,CUST0190,2026-04-18,Open
SO00106,CUST0974,2026-02-10,Cancel In Progress
SO00107,CUST0698,2026-08-25,Completed
SO00108,CUST0318,2026-08-21,Open
SO00109,CUST0628,2026-01-01,Open
SO00110,CUST0286,2026-04-11,Cancel In Progress
SO00111,CUST0321,2026-06-15,Cancelled
SO00112,CUST0383,2026-08-21,Open
SO00113,CUST0614,2026-04-17,Completed
SO00114,CUST0106,2026-03-27,In Progress
SO00115,CUST0024,2026-04-09,In Progress
SO00116,CUST0757,2026-07-19,Open
SO00117,CUST0887,2026-02-15,Cancel In Progress
SO00118,CUST0011,2026-01-22,Completed
SO00119,CUST0676,2026-07-05,Open
SO00120,CUST0469,2026-02-09,Cancel In Progress
SO00121,CUST0330,2026-08-05,Open
SO00122,CUST0118,2026-03-30,Completed
SO00123,CUST0563,2026-02-28,Completed
SO00124,CUST0278,2026-02-12,Cancel In Progress
SO00125,CUST0226,2026-06-14,Open
SO00126,CUST0596,2026-03-10,Cancel In Progress
SO00127,CUST0097,2026-08-06,Open
SO00128,CUST0117,2026-08-26,Completed
SO00129,CUST0249,2026-06-13,Completed
SO00130,CUST0007,2026-06-29,Open
SO00131,CUST0898,2026-01-27,Cancel In Progress
SO00132,CUST0509,2026-03-28,Open
SO00133,CUST0228,2026-04-08,Cancel In Progress
SO00134,CUST0775,2026-04-27,Cancelled
SO00135,CUST0011,2026-08-17,Open
SO00136,CUST0569,2026-08-05,In Progress
SO00137,CUST0707,2026-01-31,Completed
SO00138,CUST0116,2026-07-28,Cancelled
SO00139,CUST0929,2026-05-11,Cancel In Progress
SO00140,CUST0034,2026-07-12,Open
SO00141,CUST0660,2026-03-07,Cancel In Progress
SO00142,CUST0606,2026-03-20,Cancelled
SO00143,CUST0285,2026-06-07,Cancel In Progress
SO00144,CUST0860,2026-08-19,Cancelled
SO00145,CUST0047,2026-01-14,Completed
SO00146,CUST0817,2026-07-27,In Progress
SO00147,CUST0557,2026-03-19,Cancelled
SO00148,CUST0760,2026-07-04,Completed
SO00149,CUST0435,2026-07-30,Open
SO00150,CUST0027,2026-01-01,In Progress
SO00151,CUST0927,2026-05-19,Completed
SO00152,CUST0603,2026-01-19,Cancel In Progress
SO00153,CUST0554,2026-02-10,In Progress
SO00154,CUST0565,2026-08-20,Open
SO00155,CUST0819,2026-01-04,In Progress
SO00156,CUST0817,2026-08-23,Completed
SO00157,CUST0883,2026-02-13,Cancelled
SO00158,CUST0973,2026-07-15,Completed
SO00159,CUST0728,2026-03-31,In Progress
SO00160,CUST0438,2026-05-13,In Progress
SO00161,CUST0588,2026-01-03,Completed
SO00162,CUST0548,2026-01-26,Open
SO00163,CUST0764,2026-02-11,Cancelled
SO00164,CUST0848,2026-06-21,Cancelled
SO00165,CUST0472,2026-06-08,In Progress
SO00166,CUST0987,2026-04-07,Open
SO00167,CUST0940,2026-07-14,Cancel In Progress
SO00168,CUST0156,2026-08-15,Open
SO00169,CUST0864,2026-08-02,Cancelled
SO00170,CUST0679,2026-06-21,Cancelled
SO00171,CUST0750,2026-06-14,Completed
SO00172,CUST0558,2026-05-21,In Progress
SO00173,CUST0490,2026-04-24,Open
SO00174,CUST0182,2026-04-01,In Progress
SO00175,CUST0102,2026-06-21,Open
SO00176,CUST0640,2026-07-05,Completed
SO00177,CUST0509,2026-07-23,Cancel In Progress
SO00178,CUST0808,2026-01-30,Open
SO00179,CUST0817,2026-06-01,Open
SO00180,CUST0162,2026-04-18,Cancelled
SO00181,CUST0737,2026-08-23,In Progress
SO00182,CUST0669,2026-07-19,Completed
SO00183,CUST0167,2026-08-24,In Progress
SO00184,CUST0249,2026-06-14,Cancelled
SO00185,CUST0242,2026-06-19,Open
SO00186,CUST0775,2026-06-01,Cancelled
SO00187,CUST0839,2026-01-20,In Progress
SO00188,CUST0363,2026-08-17,Cancel In Progress
SO00189,CUST0985,2026-01-07,Open
SO00190,CUST0033,2026-07-24,Open
SO00191,CUST0619,2026-06-04,Completed
SO00192,CUST0198,2026-08-07,Cancel In Progress
SO00193,CUST0520,2026-01-27,Completed
SO00194,CUST0574,2026-04-22,Completed
SO00195,CUST0019,2026-08-06,Cancel In Progress
SO00196,CUST0300,2026-02-04,Cancel In Progress
SO00197,CUST0361,2026-07-05,Cancel In Progress
SO00198,CUST0126,2026-02-15,Cancelled
SO00199,CUST0057,2026-04-19,In Progress
SO00200,CUST0154,2026-04-02,Cancel In Progress
SO00201,CUST0675,2026-01-18,Cancel In Progress
SO00202,CUST0163,2026-02-21,Open
SO00203,CUST0558,2026-02-20,Cancel In Progress
SO00204,CUST0286,2026-06-12,Cancelled
SO00205,CUST0932,2026-02-04,In Progress
SO00206,CUST0476,2026-05-09,Cancelled
SO00207,CUST0176,2026-07-04,In Progress
SO00208,CUST0638,2026-01-18,In Progress
SO00209,CUST0863,2026-04-23,Open
SO00210,CUST0699,2026-02-21,Cancel In Progress
SO00211,CUST0455,2026-05-06,Cancel In Progress
SO00212,CUST0317,2026-03-02,Cancelled
SO00213,CUST0443,2026-04-06,In Progress
SO00214,CUST0734,2026-06-27,Open
SO00215,CUST0985,2026-03-23,Cancelled
SO00216,CUST0895,2026-02-09,Open
SO00217,CUST0163,2026-06-04,Completed
SO00218,CUST0331,2026-06-10,Open
SO00219,CUST0060,2026-08-12,In Progress
SO00220,CUST0853,2026-01-07,Completed
SO00221,CUST0102,2026-01-14,In Progress
SO00222,CUST0751,2026-04-20,Completed
SO00223,CUST0817,2026-03-22,In Progress
SO00224,CUST0014,2026-07-14,Completed
SO00225,CUST0465,2026-01-31,Cancelled
SO00226,CUST0723,2026-01-31,Cancelled
SO00227,CUST0986,2026-06-28,Cancelled
SO00228,CUST0826,2026-08-16,Cancel In Progress
SO00229,CUST0170,2026-05-25,Open
SO00230,CUST0781,2026-01-01,Open
SO00231,CUST0562,2026-07-30,Cancelled
SO00232,CUST0471,2026-05-03,Completed
SO00233,CUST0450,2026-01-09,Cancel In Progress
SO00234,CUST0012,2026-06-20,In Progress
SO00235,CUST0464,2026-01-02,In Progress
SO00236,CUST0188,2026-04-22,In Progress
SO00237,CUST0766,2026-05-08,Open
SO00238,CUST0318,2026-01-17,Completed
SO00239,CUST0365,2026-01-16,Cancel In Progress
SO00240,CUST0192,2026-04-06,In Progress
SO00241,CUST0206,2026-05-18,Cancel In Progress
SO00242,CUST0299,2026-07-25,Open
SO00243,CUST0234,2026-05-06,Cancel In Progress
SO00244,CUST0342,2026-04-15,Open
SO00245,CUST0301,2026-07-04,Cancel In Progress
SO00246,CUST0228,2026-08-29,Cancelled
SO00247,CUST0268,2026-03-18,In Progress
SO00248,CUST0728,2026-05-28,In Progress
SO00249,CUST0546,2026-07-09,In Progress
SO00250,CUST0989,2026-06-06,Cancelled
SO00251,CUST0516,2026-06-20,Cancel In Progress
SO00252,CUST0555,2026-08-18,Cancel In Progress
SO00253,CUST0195,2026-02-14,Open
SO00254,CUST0484,2026-06-29,Cancelled
SO00255,CUST0150,2026-07-30,In Progress
SO00256,CUST0701,2026-01-27,Cancel In Progress
SO00257,CUST0625,2026-06-07,Open
SO00258,CUST0257,2026-04-03,Cancelled
SO00259,CUST0147,2026-01-11,Completed
SO00260,CUST0742,2026-03-07,In Progress
SO00261,CUST0869,2026-06-07,Cancelled
SO00262,CUST0676,2026-08-03,Cancel In Progress
SO00263,CUST0505,2026-08-08,Open
SO00264,CUST0901,2026-05-29,Cancelled
SO00265,CUST0325,2026-04-14,In Progress
SO00266,CUST0364,2026-06-20,Cancel In Progress
SO00267,CUST0969,2026-02-05,Cancel In Progress
SO00268,CUST0412,2026-05-05,Open
SO00269,CUST0782,2026-06-19,Cancelled
SO00270,CUST0715,2026-08-26,Open
SO00271,CUST0223,2026-03-06,Cancel In Progress
SO00272,CUST0640,2026-04-12,Open
SO00273,CUST0397,2026-01-10,Cancelled
SO00274,CUST0114,2026-03-18,Cancel In Progress
SO00275,CUST0738,2026-04-28,Completed
SO00276,CUST0637,2026-06-29,Cancel In Progress
SO00277,CUST0049,2026-04-28,Cancel In Progress
SO00278,CUST0699,2026-05-01,Cancelled
SO00279,CUST0361,2026-01-22,Cancel In Progress
SO00280,CUST0225,2026-07-13,Cancel In Progress
SO00281,CUST0106,2026-03-20,Completed
SO00282,CUST0847,2026-08-23,In Progress
SO00283,CUST0763,2026-03-06,Cancel In Progress
SO00284,CUST0413,2026-08-06,Open
SO00285,CUST0821,2026-05-04,Open
SO00286,CUST0938,2026-06-30,Cancelled
SO00287,CUST0791,2026-01-03,Cancelled
SO00288,CUST0096,2026-02-26,In Progress
SO00289,CUST0507,2026-08-28,Open
SO00290,CUST0115,2026-04-21,Open
SO00291,CUST0951,2026-05-02,Cancel In Progress
SO00292,CUST0828,2026-07-04,In Progress
SO00293,CUST0306,2026-08-06,Open
SO00294,CUST0394,2026-08-29,In Progress
SO00295,CUST0941,2026-05-08,Cancel In Progress
SO00296,CUST0451,2026-04-11,Open
SO00297,CUST0516,2026-03-12,Completed
SO00298,CUST0168,2026-02-24,Completed
SO00299,CUST0204,2026-05-29,Cancelled
SO00300,CUST0949,2026-07-29,Open
SO00301,CUST0743,2026-06-17,Cancel In Progress
SO00302,CUST0935,2026-01-19,Open
SO00303,CUST0982,2026-03-12,In Progress
SO00304,CUST0372,2026-01-30,Completed
SO00305,CUST0185,2026-08-30,In Progress
SO00306,CUST0938,2026-02-10,Open
SO00307,CUST0676,2026-06-08,Cancel In Progress
SO00308,CUST0924,2026-07-07,Cancelled
SO00309,CUST0385,2026-07-03,Cancelled
SO00310,CUST0426,2026-07-09,Open
SO00311,CUST0873,2026-08-07,Cancel In Progress
SO00312,CUST0998,2026-07-23,Cancelled
SO00313,CUST0285,2026-02-12,In Progress
SO00314,CUST0520,2026-06-26,In Progress
SO00315,CUST0405,2026-05-28,Cancelled
SO00316,CUST0872,2026-08-13,Cancel In Progress
SO00317,CUST0637,2026-02-14,Cancel In Progress
SO00318,CUST0580,2026-08-28,Completed
SO00319,CUST0586,2026-05-20,Completed
SO00320,CUST0307,2026-03-17,Open
SO00321,CUST0846,2026-01-28,In Progress
SO00322,CUST0336,2026-07-29,Completed
SO00323,CUST0136,2026-01-02,Cancel In Progress
SO00324,CUST0650,2026-02-14,Completed
SO00325,CUST0249,2026-03-16,Completed
SO00326,CUST0772,2026-04-01,Completed
SO00327,CUST0924,2026-02-26,Cancelled
SO00328,CUST0091,2026-02-26,Cancelled
SO00329,CUST0990,2026-05-13,Open
SO00330,CUST0982,2026-04-26,Cancelled
SO00331,CUST0442,2026-01-02,Cancel In Progress
SO00332,CUST0026,2026-04-03,Open
SO00333,CUST0113,2026-05-12,Cancel In Progress
SO00334,CUST0415,2026-03-22,In Progress
SO00335,CUST0226,2026-04-15,In Progress
SO00336,CUST0081,2026-05-02,Cancelled
SO00337,CUST0816,2026-02-09,Completed
SO00338,CUST0591,2026-06-03,Cancelled
SO00339,CUST0955,2026-03-11,Open
SO00340,CUST0926,2026-08-08,Cancel In Progress
SO00341,CUST0289,2026-07-02,Open
SO00342,CUST0134,2026-06-18,Cancelled
SO00343,CUST0766,2026-01-01,Open
SO00344,CUST0653,2026-08-12,In Progress
SO00345,CUST0966,2026-08-12,Cancel In Progress
SO00346,CUST0769,2026-05-22,Cancel In Progress
SO00347,CUST0209,2026-06-05,Cancelled
SO00348,CUST9002,2026-03-04,In Progress
SO00349,CUST0192,2026-01-12,Cancel In Progress
SO00350,CUST0561,2026-04-27,In Progress
SO00351,CUST0252,2026-01-14,Cancelled
SO00352,CUST0799,2026-04-17,In Progress
SO00353,CUST0453,2026-05-20,Completed
SO00354,CUST0822,2026-03-04,In Progress
SO00355,CUST0885,2026-02-17,Cancelled
SO00356,CUST0650,2026-06-23,In Progress
SO00357,CUST0153,2026-06-14,In Progress
SO00358,CUST0640,2026-07-22,In Progress
SO00359,CUST0622,2026-03-01,Completed
SO00360,CUST0028,2026-07-03,Cancelled
SO00361,CUST0844,2026-08-07,Cancelled
SO00362,CUST0035,2026-06-22,In Progress
SO00363,CUST0006,2026-05-01,Cancel In Progress
SO00364,CUST0471,2026-05-14,Cancelled
SO00365,CUST0201,2026-07-15,In Progress
SO00366,CUST0230,2026-03-04,Open
SO00367,CUST0857,2026-03-02,Cancelled
SO00368,CUST0209,2026-07-22,Cancel In Progress
SO00369,CUST0107,2026-05-03,Cancelled
SO00370,CUST0156,2026-06-10,Cancel In Progress
SO00371,CUST0648,2026-06-22,Cancel In Progress
SO00372,CUST0178,2026-01-11,Completed
SO00373,CUST0376,2026-04-27,Cancelled
SO00374,CUST0409,2026-05-21,Cancelled
SO00375,CUST0032,2026-02-14,Cancelled
SO00376,CUST0271,2026-07-23,Open
SO00377,CUST0134,2026-03-22,Completed
SO00378,CUST0077,2026-05-30,In Progress
SO00379,CUST0440,2026-01-22,In Progress
SO00380,CUST0572,2026-01-31,In Progress
SO00381,CUST0016,2026-08-08,Completed
SO00382,CUST0679,2026-01-15,Completed
SO00383,CUST0869,2026-06-09,Cancel In Progress
SO00384,CUST0309,2026-08-01,Cancel In Progress
SO00385,CUST0630,2026-01-04,Cancelled
SO00386,CUST0419,2026-08-07,Completed
SO00387,CUST0275,2026-02-09,Completed
SO00388,CUST0670,2026-07-13,Completed
SO00389,CUST0065,2026-01-29,Open
SO00390,CUST0002,2026-03-21,Open
SO00391,CUST0552,2026-03-31,Completed
SO00392,CUST0621,2026-07-04,Completed
SO00393,CUST0655,2026-03-02,Cancel In Progress
SO00394,CUST0261,2026-08-15,Completed
SO00395,CUST0719,2026-06-02,Cancel In Progress
SO00396,CUST0648,2026-02-02,Open
SO00397,CUST0425,2026-05-16,Cancelled
SO00398,CUST0129,2026-01-05,In Progress
SO00399,CUST0428,2026-04-24,Open
SO00400,CUST0291,2026-05-28,Open
SO00401,CUST0678,2026-01-18,In Progress
SO00402,CUST0726,2026-08-26,Completed
SO00403,CUST0996,2026-01-08,Cancelled
SO00404,CUST0006,2026-03-29,Cancel In Progress
SO00405,CUST0825,2026-08-17,Completed
SO00406,CUST0519,2026-05-01,Completed
SO00407,CUST0884,2026-04-01,Cancelled
SO00408,CUST0244,2026-06-22,In Progress
SO00409,CUST0838,2026-07-01,Completed
SO00410,CUST0456,2026-06-10,Open
SO00411,CUST0917,2026-06-13,Cancel In Progress
SO00412,CUST0919,2026-05-26,Cancelled
SO00413,CUST0617,2026-07-24,Completed
SO00414,CUST0814,2026-02-10,In Progress
SO00415,CUST0852,2026-05-01,In Progress
SO00416,CUST0689,2026-04-20,Cancelled
SO00417,CUST0753,2026-05-08,Completed
SO00418,CUST0394,2026-04-24,Open
SO00419,CUST0262,2026-01-02,Cancelled
SO00420,CUST0279,2026-08-07,Open
SO00421,CUST0751,2026-06-08,In Progress
SO00422,CUST0036,2026-08-12,Completed
SO00423,CUST0776,2026-03-15,Completed
SO00424,CUST0141,2026-06-11,Open
SO00425,CUST0703,2026-07-04,Cancelled
SO00426,CUST0793,2026-07-29,In Progress
SO00427,CUST0720,2026-02-13,Open
SO00428,CUST0663,2026-04-01,Cancel In Progress
SO00429,CUST0181,2026-08-13,In Progress
SO00430,CUST0835,2026-02-05,Cancel In Progress
SO00431,CUST0930,2026-02-16,Completed
SO00432,CUST0660,2026-02-23,Open
SO00433,CUST0732,2026-04-21,Open
SO00434,CUST0779,2026-05-06,Cancel In Progress
SO00435,CUST0947,2026-07-11,In Progress
SO00436,CUST0020,2026-04-28,Open
SO00437,CUST0590,2026-04-09,In Progress
SO00438,CUST0309,2026-08-03,Completed
SO00439,CUST0079,2026-08-05,Completed
SO00440,CUST0828,2026-01-29,Open
SO00441,CUST0401,2026-05-12,Completed
SO00442,CUST0077,2026-05-25,Cancelled
SO00443,CUST0653,2026-07-03,Open
SO00444,CUST0076,2026-06-25,Cancelled
SO00445,CUST0208,2026-02-13,Completed
SO00446,CUST0548,2026-05-08,Cancel In Progress
SO00447,CUST0795,2026-07-24,Completed
SO00448,CUST0818,2026-05-13,Completed
SO00449,CUST0917,2026-05-23,Cancelled
SO00450,CUST0095,2026-03-17,Completed
SO00451,CUST0804,2026-06-29,Cancelled
SO00452,CUST0209,2026-03-10,Completed
SO00453,CUST0898,2026-06-18,Completed
SO00454,CUST0832,2026-02-14,In Progress
SO00455,CUST0521,2026-06-10,Open
SO00456,CUST0309,2026-06-20,Cancel In Progress
SO00457,CUST0196,2026-06-13,Open
SO00458,CUST0731,2026-04-14,In Progress
SO00459,CUST0528,2026-07-02,Cancel In Progress
SO00460,CUST0736,2026-01-26,Cancel In Progress
SO00461,CUST0328,2026-04-05,Completed
SO00462,CUST0970,2026-05-06,Open
SO00463,CUST0421,2026-04-26,Cancelled
SO00464,CUST0356,2026-01-18,Cancelled
SO00465,CUST0981,2026-01-18,Completed
SO00466,CUST0559,2026-08-09,Completed
SO00467,CUST0609,2026-07-14,In Progress
SO00468,CUST0201,2026-05-31,Cancelled
SO00469,CUST0298,2026-04-22,Open
SO00470,CUST0357,2026-04-13,Cancel In Progress
SO00471,CUST0247,2026-02-15,In Progress
SO00472,CUST0590,2026-08-10,Cancel In Progress
SO00473,CUST0340,2026-03-16,Open
SO00474,CUST0465,2026-04-17,Completed
SO00475,CUST0838,2026-07-20,Completed
SO00476,CUST0720,2026-06-19,Completed
SO00477,CUST0685,2026-04-30,In Progress
SO00478,CUST0268,2026-06-07,Cancelled
SO00479,CUST0440,2026-02-04,Cancelled
SO00480,CUST0509,2026-06-11,Open
SO00481,CUST0023,2026-01-14,Completed
SO00482,CUST0811,2026-02-10,Open
SO00483,CUST0216,2026-03-31,Cancelled
SO00484,CUST0857,2026-02-10,Cancel In Progress
SO00485,CUST0810,2026-06-19,Completed
SO00486,CUST0130,2026-07-04,Completed
SO00487,CUST0707,2026-06-18,Completed
SO00488,CUST0198,2026-02-04,Completed
SO00489,CUST0657,2026-01-20,Completed
SO00490,CUST0080,2026-03-22,Cancel In Progress
SO00491,CUST0564,2026-01-11,Completed
SO00492,CUST0091,2026-03-15,Cancel In Progress
SO00493,CUST0832,2026-02-12,Cancel In Progress
SO00494,CUST0782,2026-02-15,Open
SO00495,CUST0777,2026-05-09,Cancel In Progress
SO00496,CUST0700,2026-07-03,Completed
SO00497,CUST0027,2026-02-06,Completed
SO00498,CUST0857,2026-05-05,Cancelled
SO00499,CUST0170,2026-01-17,Open
SO00500,CUST0256,2026-07-13,Cancel In Progress
SO00501,CUST0889,2026-04-29,Open
SO00502,CUST0997,2026-03-28,Open
SO00503,CUST0794,2026-06-08,Completed
SO00504,CUST0034,2026-05-23,In Progress
SO00505,CUST0208,2026-04-14,Completed
SO00506,CUST0946,2026-01-25,Completed
SO00507,CUST0498,2026-01-13,Completed
SO00508,CUST0906,2026-05-17,Cancelled
SO00509,CUST0078,2026-05-27,Open
SO00510,CUST0119,2026-02-26,Open
SO00511,CUST0009,2026-02-19,Open
SO00512,CUST0496,2026-05-13,Open
SO00513,CUST0872,2026-04-26,Cancel In Progress
SO00514,CUST0406,2026-01-18,Cancelled
SO00515,CUST0589,2026-07-28,Cancelled
SO00516,CUST0331,2026-02-15,Cancel In Progress
SO00517,CUST0335,2026-03-17,Cancel In Progress
SO00518,CUST0380,2026-03-22,Cancelled
SO00519,CUST0157,2026-08-20,Open
SO00520,CUST0862,2026-02-11,Open
SO00521,CUST0276,2026-01-27,Cancel In Progress
SO00522,CUST0670,2026-04-11,In Progress
SO00523,CUST0147,2026-04-28,In Progress
SO00524,CUST0122,2026-03-02,Cancelled
SO00525,CUST0293,2026-08-06,In Progress
SO00526,CUST0955,2026-06-16,In Progress
SO00527,CUST0651,2026-05-10,Open
SO00528,CUST0811,2026-03-09,In Progress
SO00529,CUST0132,2026-07-22,Open
SO00530,CUST0448,2026-01-02,Cancel In Progress
SO00531,CUST0731,2026-01-26,Cancelled
SO00532,CUST0840,2026-02-07,Open
SO00533,CUST0527,2026-03-03,Cancel In Progress
SO00534,CUST0390,2026-08-16,Open
SO00535,CUST0804,2026-03-09,Open
SO00536,CUST0097,2026-03-31,In Progress
SO00537,CUST0147,2026-06-10,Cancel In Progress
SO00538,CUST0337,2026-01-14,Cancel In Progress
SO00539,CUST0245,2026-02-01,Cancel In Progress
SO00540,CUST0257,2026-06-29,Cancel In Progress
SO00541,CUST0099,2026-03-19,Cancel In Progress
SO00542,CUST0794,2026-06-15,Cancel In Progress
SO00543,CUST0521,2026-05-09,Completed
SO00544,CUST0191,2026-05-16,Completed
SO00545,CUST0083,2026-04-27,Cancel In Progress
SO00546,CUST0955,2026-06-15,Open
SO00547,CUST0835,2026-06-06,Completed
SO00548,CUST0342,2026-03-13,Cancel In Progress
SO00549,CUST0792,2026-04-14,In Progress
SO00550,CUST0184,2026-06-10,Open
SO00551,CUST0734,2026-01-20,In Progress
SO00552,CUST0339,2026-06-29,In Progress
SO00553,CUST0537,2026-01-26,In Progress
SO00554,CUST0666,2026-07-09,In Progress
SO00555,CUST0044,2026-04-27,Cancelled
SO00556,CUST0730,2026-06-18,In Progress
SO00557,CUST0039,2026-08-24,Cancel In Progress
SO00558,CUST0302,2026-02-24,In Progress
SO00559,CUST0348,2026-01-22,Open
SO00560,CUST0905,2026-08-06,In Progress
SO00561,CUST0527,2026-05-13,Cancel In Progress
SO00562,CUST0691,2026-07-07,Open
SO00563,CUST0547,2026-01-03,Cancelled
SO00564,CUST0832,2026-06-22,Cancel In Progress
SO00565,CUST0329,2026-03-26,Cancel In Progress
SO00566,CUST0052,2026-07-02,Cancel In Progress
SO00567,CUST0936,2026-05-28,In Progress
SO00568,CUST0983,2026-08-22,Completed
SO00569,CUST0919,2026-04-16,In Progress
SO00570,CUST0961,2026-05-31,In Progress
SO00571,CUST0276,2026-06-26,Cancelled
SO00572,CUST0009,2026-08-22,In Progress
SO00573,CUST0381,2026-04-08,Cancel In Progress
SO00574,CUST0769,2026-04-19,Completed
SO00575,CUST0482,2026-08-18,Cancelled
SO00576,CUST0101,2026-06-24,Completed
SO00577,CUST0670,2026-03-05,Cancelled
SO00578,CUST0291,2026-06-02,Cancelled
SO00579,CUST0772,2026-08-30,In Progress
SO00580,CUST0951,2026-04-30,Open
SO00581,CUST0714,2026-04-26,Completed
SO00582,CUST0589,2026-08-30,Completed
SO00583,CUST0890,2026-06-05,Cancelled
SO00584,CUST0561,2026-07-19,Cancel In Progress
SO00585,CUST0782,2026-02-09,Cancel In Progress
SO00586,CUST0836,2026-08-21,Open
SO00587,CUST0587,2026-03-13,In Progress
SO00588,CUST0881,2026-03-25,Cancelled
SO00589,CUST0541,2026-03-07,In Progress
SO00590,CUST9003,2026-08-29,Open
SO00591,CUST0489,2026-02-17,Open
SO00592,CUST0436,2026-06-01,In Progress
SO00593,CUST0058,2026-05-22,Cancelled
SO00594,CUST0530,2026-02-23,Cancel In Progress
SO00595,CUST0318,2026-07-13,In Progress
SO00596,CUST0643,2026-08-24,Cancel In Progress
SO00597,CUST0532,2026-01-29,Cancelled
SO00598,CUST0754,2026-07-13,In Progress
SO00599,CUST0010,2026-08-28,Cancel In Progress
SO00600,CUST0288,2026-05-12,Cancel In Progress
SO00601,CUST0248,2026-02-19,In Progress
SO00602,CUST0163,2026-02-03,Cancel In Progress
SO00603,CUST0349,2026-08-28,Cancel In Progress
SO00604,CUST0635,2026-03-21,Cancelled
SO00605,CUST0459,2026-01-22,Cancelled
SO00606,CUST0006,2026-07-30,Completed
SO00607,CUST0764,2026-02-02,Completed
SO00608,CUST0881,2026-01-14,Open
SO00609,CUST0364,2026-01-14,Cancelled
SO00610,CUST0967,2026-01-14,Completed
SO00611,CUST0103,2026-01-30,Completed
SO00612,CUST0855,2026-05-28,Cancelled
SO00613,CUST0600,2026-04-17,In Progress
SO00614,CUST0615,2026-03-02,Cancel In Progress
SO00615,CUST0848,2026-02-01,Cancelled
SO00616,CUST0370,2026-04-03,In Progress
SO00617,CUST0124,2026-02-21,Completed
SO00618,CUST0414,2026-03-08,Cancel In Progress
SO00619,CUST0411,2026-07-11,Cancel In Progress
SO00620,CUST0698,2026-05-07,Completed
SO00621,CUST0940,2026-02-12,Open
SO00622,CUST0396,2026-01-06,Cancelled
SO00623,CUST0838,2026-03-25,Cancel In Progress
SO00624,CUST0918,2026-04-07,In Progress
SO00625,CUST0736,2026-01-27,Completed
SO00626,CUST0986,2026-05-23,Completed
SO00627,CUST0159,2026-02-06,Open
SO00628,CUST0495,2026-05-05,Cancelled
SO00629,CUST0379,2026-04-08,Open
SO00630,CUST0472,2026-04-02,In Progress
SO00631,CUST0679,2026-06-13,Open
SO00632,CUST0326,2026-08-15,Cancelled
SO00633,CUST0482,2026-06-03,Cancel In Progress
SO00634,CUST0244,2026-07-11,In Progress
SO00635,CUST0525,2026-08-29,Cancel In Progress
SO00636,CUST0382,2026-02-16,Open
SO00637,CUST0961,2026-07-17,Cancel In Progress
SO00638,CUST0872,2026-03-26,Open
SO00639,CUST0199,2026-04-11,Cancel In Progress
SO00640,CUST0129,2026-06-29,In Progress
SO00641,CUST0357,2026-03-14,In Progress
SO00642,CUST0373,2026-05-18,In Progress
SO00643,CUST0450,2026-04-13,Cancel In Progress
SO00644,CUST0063,2026-04-06,Cancel In Progress
SO00645,CUST0970,2026-02-28,Cancelled
SO00646,CUST0076,2026-04-25,In Progress
SO00647,CUST0862,2026-01-22,Cancel In Progress
SO00648,CUST0103,2026-04-15,Cancel In Progress
SO00649,CUST0446,2026-07-17,Cancelled
SO00650,CUST0954,2026-08-10,Completed
SO00651,CUST0776,2026-04-28,In Progress
SO00652,CUST0525,2026-08-24,Completed
SO00653,CUST0987,2026-01-10,Cancelled
SO00654,CUST0706,2026-05-11,Cancelled
SO00655,CUST0893,2026-03-10,In Progress
SO00656,CUST0135,2026-07-27,Open
SO00657,CUST0533,2026-04-27,Cancel In Progress
SO00658,CUST0448,2026-03-23,Open
SO00659,CUST0551,2026-07-29,In Progress
SO00660,CUST0379,2026-08-21,Open
SO00661,CUST0421,2026-06-29,Cancelled
SO00662,CUST0610,2026-03-19,In Progress
SO00663,CUST0841,2026-06-03,Cancel In Progress
SO00664,CUST0281,2026-04-03,Open
SO00665,CUST0143,2026-05-05,Completed
SO00666,CUST0861,2026-08-26,Open
SO00667,CUST0161,2026-08-29,Cancel In Progress
SO00668,CUST0337,2026-07-23,Cancel In Progress
SO00669,CUST0211,2026-05-07,Completed
SO00670,CUST0879,2026-04-25,Cancelled
SO00671,CUST0788,2026-05-12,Completed
SO00672,CUST0837,2026-04-09,Cancelled
SO00673,CUST0790,2026-05-25,Completed
SO00674,CUST0833,2026-08-05,Cancel In Progress
SO00675,CUST0147,2026-07-01,Completed
SO00676,CUST0256,2026-01-12,Cancel In Progress
SO00677,CUST0018,2026-05-07,Cancelled
SO00678,CUST0636,2026-06-26,In Progress
SO00679,CUST0404,2026-04-11,In Progress
SO00680,CUST0131,2026-05-12,Cancel In Progress
SO00681,CUST0626,2026-01-28,Cancel In Progress
SO00682,CUST0926,2026-07-13,Open
SO00683,CUST0863,2026-02-09,Cancelled
SO00684,CUST0682,2026-07-31,Open
SO00685,CUST0236,2026-06-27,Cancel In Progress
SO00686,CUST0779,2026-05-26,Cancel In Progress
SO00687,CUST0627,2026-03-11,Open
SO00688,CUST0805,2026-01-15,In Progress
SO00689,CUST0025,2026-07-08,Completed
SO00690,CUST0105,2026-06-10,In Progress
SO00691,CUST0233,2026-05-21,Cancelled
SO00692,CUST0798,2026-05-13,Cancel In Progress
SO00693,CUST9003,2026-04-24,Cancelled
SO00694,CUST0462,2026-02-22,Open
SO00695,CUST0450,2026-03-27,Cancel In Progress
SO00696,CUST0611,2026-06-22,Open
SO00697,CUST0171,2026-07-20,Completed
SO00698,CUST0570,2026-08-20,Cancel In Progress
SO00699,CUST0517,2026-01-02,Open
SO00700,CUST0482,2026-05-01,Open
SO00701,CUST0951,2026-06-04,Open
SO00702,CUST0960,2026-05-06,Completed
SO00703,CUST0104,2026-03-05,Cancel In Progress
SO00704,CUST0843,2026-08-27,Open
SO00705,CUST0496,2026-07-15,Open
SO00706,CUST0080,2026-02-17,In Progress
SO00707,CUST0707,2026-04-25,Open
SO00708,CUST0996,2026-07-20,Cancel In Progress
SO00709,CUST0925,2026-07-06,Completed
SO00710,CUST0356,2026-05-22,Cancelled
SO00711,CUST0120,2026-05-28,Completed
SO00712,CUST0428,2026-03-16,Cancel In Progress
SO00713,CUST0747,2026-08-07,Cancel In Progress
SO00714,CUST0538,2026-05-12,Completed
SO00715,CUST0930,2026-04-15,Cancelled
SO00716,CUST0126,2026-05-03,In Progress
SO00717,CUST0626,2026-04-18,Open
SO00718,CUST0007,2026-07-28,Completed
SO00719,CUST0223,2026-04-24,In Progress
SO00720,CUST0892,2026-06-28,Completed
SO00721,CUST0987,2026-06-06,In Progress
SO00722,CUST0539,2026-04-04,In Progress
SO00723,CUST0256,2026-06-01,In Progress
SO00724,CUST0927,2026-03-31,Completed
SO00725,CUST0923,2026-03-04,Completed
SO00726,CUST0638,2026-07-15,Open
SO00727,CUST0878,2026-08-28,Cancel In Progress
SO00728,CUST0524,2026-03-07,Cancel In Progress
SO00729,CUST0035,2026-06-04,Cancelled
SO00730,CUST0731,2026-06-30,In Progress
SO00731,CUST0892,2026-05-30,In Progress
SO00732,CUST0401,2026-06-23,Open
SO00733,CUST0897,2026-04-18,Completed
SO00734,CUST0509,2026-06-24,In Progress
SO00735,CUST0452,2026-02-01,In Progress
SO00736,CUST0979,2026-03-22,Completed
SO00737,CUST0865,2026-07-11,In Progress
SO00738,CUST0405,2026-07-17,Completed
SO00739,CUST0551,2026-02-13,Cancelled
SO00740,CUST0922,2026-02-22,Cancel In Progress
SO00741,CUST0426,2026-08-14,Open
SO00742,CUST0226,2026-05-26,Open
SO00743,CUST0745,2026-07-27,Open
SO00744,CUST0221,2026-01-14,Open
SO00745,CUST0149,2026-01-05,Completed
SO00746,CUST0955,2026-07-20,Open
SO00747,CUST0762,2026-01-15,Cancel In Progress
SO00748,CUST0947,2026-06-12,Completed
SO00749,CUST0462,2026-08-02,In Progress
SO00750,CUST0662,2026-01-14,Cancel In Progress
SO00751,CUST0806,2026-08-24,Cancel In Progress
SO00752,CUST0842,2026-02-13,Cancel In Progress
SO00753,CUST0659,2026-06-02,In Progress
SO00754,CUST0573,2026-07-06,Completed
SO00755,CUST0286,2026-03-18,Cancelled
SO00756,CUST0589,2026-03-14,Cancelled
SO00757,CUST0265,2026-03-02,Cancel In Progress
SO00758,CUST0594,2026-02-07,Cancelled
SO00759,CUST0420,2026-05-23,Cancel In Progress
SO00760,CUST0889,2026-04-17,Open
SO00761,CUST0816,2026-01-05,Completed
SO00762,CUST0722,2026-07-24,Cancel In Progress
SO00763,CUST0716,2026-06-04,Completed
SO00764,CUST0467,2026-05-20,Cancel In Progress
SO00765,CUST0318,2026-04-12,Cancel In Progress
SO00766,CUST0814,2026-06-10,Cancelled
SO00767,CUST0810,2026-05-22,Open
SO00768,CUST0732,2026-07-31,Cancelled
SO00769,CUST0825,2026-01-29,Completed
SO00770,CUST0499,2026-02-07,Open
SO00771,CUST0685,2026-01-07,Open
SO00772,CUST0975,2026-07-08,Cancel In Progress
SO00773,CUST0439,2026-06-30,In Progress
SO00774,CUST0862,2026-01-20,Completed
SO00775,CUST0460,2026-08-22,Cancelled
SO00776,CUST0334,2026-03-16,Open
SO00777,CUST0623,2026-07-07,Open
SO00778,CUST0684,2026-04-01,Cancel In Progress
SO00779,CUST0141,2026-05-08,Completed
SO00780,CUST0997,2026-03-03,Open
SO00781,CUST0971,2026-02-01,Cancel In Progress
SO00782,CUST0717,2026-02-09,Cancel In Progress
SO00783,CUST0884,2026-02-03,Completed
SO00784,CUST0158,2026-06-30,Completed
SO00785,CUST0993,2026-04-15,Open
SO00786,CUST0340,2026-03-17,In Progress
SO00787,CUST0567,2026-04-11,Open
SO00788,CUST0276,2026-05-27,In Progress
SO00789,CUST0196,2026-04-14,Cancelled
SO00790,CUST0702,2026-03-08,In Progress
SO00791,CUST0384,2026-06-09,Open
SO00792,CUST0478,2026-08-20,Cancel In Progress
SO00793,CUST0323,2026-04-14,Cancel In Progress
SO00794,CUST0072,2026-07-08,Cancelled
SO00795,CUST0484,2026-01-02,In Progress
SO00796,CUST0427,2026-04-26,Open
SO00797,CUST0540,2026-06-03,Cancelled
SO00798,CUST0213,2026-05-17,Cancelled
SO00799,CUST0345,2026-03-24,Cancel In Progress
SO00800,CUST0203,2026-07-30,Cancel In Progress
SO00801,CUST0345,2026-04-22,In Progress
SO00802,CUST0738,2026-04-27,Completed
SO00803,CUST0404,2026-01-13,Completed
SO00804,CUST0841,2026-08-27,Completed
SO00805,CUST0636,2026-04-27,In Progress
SO00806,CUST0291,2026-06-03,Open
SO00807,CUST0593,2026-02-23,Cancel In Progress
SO00808,CUST0694,2026-06-25,Cancel In Progress
SO00809,CUST0518,2026-07-05,In Progress
SO00810,CUST0285,2026-03-20,In Progress
SO00811,CUST0390,2026-02-28,Cancel In Progress
SO00812,CUST0369,2026-02-08,In Progress
SO00813,CUST0966,2026-08-13,Cancel In Progress
SO00814,CUST0907,2026-07-20,Cancel In Progress
SO00815,CUST0167,2026-04-28,In Progress
SO00816,CUST0043,2026-07-28,Open
SO00817,CUST0395,2026-04-18,Cancelled
SO00818,CUST0728,2026-07-15,Completed
SO00819,CUST0946,2026-06-09,Open
SO00820,CUST0653,2026-03-19,Open
SO00821,CUST0253,2026-06-14,Cancel In Progress
SO00822,CUST0123,2026-04-08,Cancel In Progress
SO00823,CUST0984,2026-05-26,Open
SO00824,CUST0850,2026-03-11,Cancelled
SO00825,CUST0314,2026-07-27,In Progress
SO00826,CUST0203,2026-03-29,Open
SO00827,CUST0703,2026-08-04,In Progress
SO00828,CUST0077,2026-07-22,Cancel In Progress
SO00829,CUST0091,2026-03-31,In Progress
SO00830,CUST0124,2026-04-01,Cancel In Progress
SO00831,CUST0751,2026-05-24,Open
SO00832,CUST0008,2026-08-16,In Progress
SO00833,CUST0447,2026-03-27,Completed
SO00834,CUST0616,2026-02-13,Cancelled
SO00835,CUST0884,2026-01-27,Completed
SO00836,CUST0883,2026-07-05,Open
SO00837,CUST0396,2026-05-14,Cancelled
SO00838,CUST0634,2026-04-07,In Progress
SO00839,CUST0223,2026-01-17,Open
SO00840,CUST0438,2026-07-29,Cancelled
SO00841,CUST0720,2026-04-14,In Progress
SO00842,CUST0995,2026-05-25,Cancel In Progress
SO00843,CUST0916,2026-08-02,Open
SO00844,CUST0986,2026-06-20,Open
SO00845,CUST0113,2026-01-14,Cancel In Progress
SO00846,CUST0422,2026-07-18,Open
SO00847,CUST0098,2026-07-16,Open
SO00848,CUST0060,2026-04-17,Open
SO00849,CUST0555,2026-06-07,Cancel In Progress
SO00850,CUST0506,2026-06-29,Cancel In Progress
SO00851,CUST0322,2026-02-07,Cancel In Progress
SO00852,CUST0897,2026-02-13,Completed
SO00853,CUST0999,2026-04-23,Completed
SO00854,CUST0716,2026-03-16,Cancel In Progress
SO00855,CUST0581,2026-07-18,Completed
SO00856,CUST0923,2026-02-08,In Progress
SO00857,CUST0668,2026-05-06,Open
SO00858,CUST0002,2026-07-23,Cancelled
SO00859,CUST0444,2026-02-19,Open
SO00860,CUST9001,2026-05-16,Open
SO00861,CUST0866,2026-07-08,In Progress
SO00862,CUST0201,2026-05-30,Open
SO00863,CUST0724,2026-02-25,Completed
SO00864,CUST0919,2026-03-24,Cancel In Progress
SO00865,CUST0247,2026-01-06,Open
SO00866,CUST0225,2026-07-21,Cancelled
SO00867,CUST0639,2026-01-16,Cancelled
SO00868,CUST0510,2026-08-22,Cancelled
SO00869,CUST0920,2026-03-26,Open
SO00870,CUST0174,2026-01-13,Cancelled
SO00871,CUST0085,2026-07-24,Completed
SO00872,CUST0071,2026-01-23,Completed
SO00873,CUST0208,2026-06-16,Open
SO00874,CUST0218,2026-07-16,In Progress
SO00875,CUST0376,2026-07-28,Open
SO00876,CUST0711,2026-07-25,Cancelled
SO00877,CUST0433,2026-02-12,In Progress
SO00878,CUST0720,2026-04-12,In Progress
SO00879,CUST0948,2026-01-29,Cancelled
SO00880,CUST0715,2026-05-13,Cancelled
SO00881,CUST0435,2026-05-18,Cancelled
SO00882,CUST0661,2026-02-08,Cancel In Progress
SO00883,CUST0139,2026-04-16,Completed
SO00884,CUST0709,2026-08-28,In Progress
SO00885,CUST0409,2026-04-14,Open
SO00886,CUST0115,2026-05-15,Open
SO00887,CUST0558,2026-03-11,Completed
SO00888,CUST0714,2026-05-12,Open
SO00889,CUST0046,2026-01-22,Open
SO00890,CUST0636,2026-06-20,Cancel In Progress
SO00891,CUST0727,2026-04-01,In Progress
SO00892,CUST0405,2026-07-01,Completed
SO00893,CUST0760,2026-06-11,Cancelled
SO00894,CUST0329,2026-01-01,Cancel In Progress
SO00895,CUST0655,2026-08-29,Cancelled
SO00896,CUST0619,2026-05-15,Cancelled
SO00897,CUST0590,2026-07-12,Cancelled
SO00898,CUST0141,2026-02-13,Cancelled
SO00899,CUST0134,2026-05-03,In Progress
SO00900,CUST0137,2026-07-05,Open
SO00901,CUST0273,2026-08-17,Open
SO00902,CUST0379,2026-06-02,Open
SO00903,CUST0652,2026-03-27,Cancelled
SO00904,CUST0037,2026-08-11,Open
SO00905,CUST0439,2026-08-06,In Progress
SO00906,CUST0103,2026-01-12,Completed
SO00907,CUST0243,2026-03-27,Cancelled
SO00908,CUST0422,2026-04-23,Cancelled
SO00909,CUST0659,2026-05-17,Cancel In Progress
SO00910,CUST0036,2026-01-04,Cancelled
SO00911,CUST0737,2026-01-13,Completed
SO00912,CUST0519,2026-05-05,Cancel In Progress
SO00913,CUST0497,2026-01-15,Completed
SO00914,CUST0030,2026-07-27,Cancel In Progress
SO00915,CUST0144,2026-03-21,In Progress
SO00916,CUST0220,2026-05-22,Completed
SO00917,CUST0519,2026-07-19,Completed
SO00918,CUST0868,2026-07-11,Completed
SO00919,CUST0195,2026-07-05,Completed
SO00920,CUST0733,2026-05-11,In Progress
SO00921,CUST0735,2026-03-20,Completed
SO00922,CUST0890,2026-04-15,In Progress
SO00923,CUST0475,2026-04-16,Completed
SO00924,CUST0505,2026-02-09,In Progress
SO00925,CUST0406,2026-02-18,In Progress
SO00926,CUST0030,2026-01-21,In Progress
SO00927,CUST0560,2026-08-30,Open
SO00928,CUST0155,2026-01-12,Cancelled
SO00929,CUST0108,2026-06-23,Cancelled
SO00930,CUST0749,2026-07-26,In Progress
SO00931,CUST0867,2026-01-19,Cancel In Progress
SO00932,CUST0217,2026-08-05,Cancel In Progress
SO00933,CUST0199,2026-01-25,Cancel In Progress
SO00934,CUST0858,2026-03-27,Cancel In Progress
SO00935,CUST0042,2026-02-11,Open
SO00936,CUST0804,2026-02-09,Cancel In Progress
SO00937,CUST0204,2026-04-06,Completed
SO00938,CUST0644,2026-03-08,Cancelled
SO00939,CUST0975,2026-04-28,Completed
SO00940,CUST0439,2026-07-27,Open
SO00941,CUST0047,2026-05-13,In Progress
SO00942,CUST0713,2026-02-05,Completed
SO00943,CUST0665,2026-04-08,Cancelled
SO00944,CUST0142,2026-01-17,Completed
SO00945,CUST0063,2026-05-25,Completed
SO00946,CUST0115,2026-05-14,Completed
SO00947,CUST0830,2026-06-30,In Progress
SO00948,CUST0649,2026-02-02,Cancelled
SO00949,CUST0954,2026-02-08,Completed
SO00950,CUST0796,2026-08-03,Cancel In Progress
SO00951,CUST0405,2026-08-30,Cancel In Progress
SO00952,CUST0504,2026-03-03,Cancelled
SO00953,CUST0571,2026-04-17,Cancelled
SO00954,CUST0217,2026-06-11,Completed
SO00955,CUST0186,2026-05-03,Completed
SO00956,CUST0504,2026-08-08,Open
SO00957,CUST0869,2026-02-20,Cancelled
SO00958,CUST0216,2026-06-18,Open
SO00959,CUST0282,2026-03-04,In Progress
SO00960,CUST0293,2026-03-05,Cancelled
SO00961,CUST0729,2026-08-10,In Progress
SO00962,CUST0491,2026-06-15,In Progress
SO00963,CUST0447,2026-08-01,Open
SO00964,CUST0548,2026-08-15,In Progress
SO00965,CUST0013,2026-04-25,Cancel In Progress
SO00966,CUST0266,2026-01-06,Cancelled
SO00967,CUST0500,2026-03-16,Cancelled
SO00968,CUST0814,2026-01-02,Open
SO00969,CUST0810,2026-05-10,Completed
SO00970,CUST0982,2026-02-15,Completed
SO00971,CUST0920,2026-04-03,Open
SO00972,CUST0880,2026-08-22,Cancel In Progress
SO00973,CUST0477,2026-02-16,Open
SO00974,CUST0668,2026-03-07,Open
SO00975,CUST0729,2026-01-03,Cancelled
SO00976,CUST0125,2026-04-05,Cancel In Progress
SO00977,CUST0825,2026-05-20,Completed
SO00978,CUST0393,2026-07-03,Open
SO00979,CUST0978,2026-06-30,In Progress
SO00980,CUST0825,2026-02-13,Completed
SO00981,CUST0386,2026-04-21,Cancelled
SO00982,CUST0903,2026-05-14,Completed
SO00983,CUST0656,2026-06-04,In Progress
SO00984,CUST0512,2026-01-08,Cancelled
SO00985,CUST0795,2026-01-06,Completed
SO00986,CUST0338,2026-08-23,Open
SO00987,CUST0674,2026-03-28,Cancelled
SO00988,CUST0545,2026-02-06,Cancelled
SO00989,CUST0201,2026-03-22,Completed
SO00990,CUST0094,2026-05-12,In Progress
SO00991,CUST0256,2026-07-19,Open
SO00992,CUST0024,2026-03-07,Cancel In Progress
SO00993,CUST0502,2026-08-10,Cancel In Progress
SO00994,CUST0682,2026-06-16,Cancelled
SO00995,CUST0016,2026-07-24,Completed
SO00996,CUST0278,2026-08-04,In Progress
SO00997,CUST0235,2026-08-27,In Progress
SO00998,CUST0962,2026-03-06,Completed
SO00999,CUST0334,2026-02-28,Cancelled
