vendor_id,vendor_name,city,country
VEND0000,Cardenas-Petersen,Jeremyview,Sudan
VEND0001,"Romero, Simmons and Patterson",Thompsonside,Tokelau
VEND0002,Hunt LLC,Kristaside,Tajikistan
VEND0003,"Terrell, Guerra and Wilson",Jacobfort,Kyrgyz Republic
VEND0004,"Spencer, Johnson and Copeland",New Amberhaven,Iraq
VEND0005,Rodriguez Inc,New Sandraburgh,Saint Pierre and Miquelon
VEND0006,"Robinson, Smith and Harris",Lake Karenmouth,Kuwait
VEND0007,Campbell-Hughes,Annmouth,Kazakhstan
VEND0008,Watkins-Palmer,North Adamtown,Fiji
VEND0009,"Alexander, Anderson and Miles",Ryanfort,Saint Lucia
VEND0010,"Hughes, Jenkins and White",Vincenttown,New Zealand
VEND0011,Anderson-Bean,Smithland,China
VEND0012,Kelly Inc,Connorstad,Bosnia and Herzegovina
VEND0013,Bell-Keller,Port Bernard,Ecuador
VEND0014,"Carter, Hamilton and Clark",East Derek,Belize
VEND0015,Norris Inc,West Kevin,French Southern Territories
VEND0016,Hooper Ltd,Lake Kathryn,Iraq
VEND0017,King-Hanson,Martinezbury,Marshall Islands
VEND0018,Morrison Ltd,Vasquezberg,Netherlands
VEND0019,Fox-Cardenas,Williamsville,Estonia
VEND0020,"Brooks, Hill and Jones",Maddenberg,Dominica
VEND0021,Gallagher and Sons,Brucechester,Lao People's Democratic Republic
VEND0022,"Woodard, Cooper and Williams",Nelsonmouth,Paraguay
VEND0023,Daniels-Higgins,Hollytown,Kuwait
VEND0024,Schmidt Ltd,Kellyview,Mexico
VEND0025,"Roach, Becker and Morgan",Martinview,Cocos (Keeling) Islands
VEND0026,"Rivas, Miles and Avila",Manningmouth,Tonga
VEND0027,"Powell, Carson and Trevino",North Michael,Russian Federation
VEND0028,"Henry, Pearson and Mann",Jamesfurt,Puerto Rico
VEND0029,"Garcia, Erickson and Phillips",New Mariamouth,Antigua and Barbuda
VEND0030,"Ferguson, Robbins and Morales",Kimberlyborough,Austria
VEND0031,Lee-Hebert,Schneiderton,Madagascar
VEND0032,Santiago Group,Nicholasfurt,Chad
VEND0033,Jones-Deleon,Devinport,Lithuania
VEND0034,"Moreno, Torres and Scott",Gonzalezside,France
VEND0035,"Patel, Rodriguez and Cole",Boydchester,Gambia
VEND0036,Allen Inc,New Kennethstad,Palau
VEND0037,Tapia-Kramer,East Craig,Korea
VEND0038,Hill LLC,Virginiastad,Czech Republic
VEND0039,"Gonzalez, James and Owens",East Bridgetton,Lebanon
VEND0040,Soto Ltd,North Robertfurt,Namibia
VEND0041,Lowe-Bowers,New Timothy,Cayman Islands
VEND0042,"Perez, Nelson and Hunter",Walkershire,Guinea
VEND0043,Martin LLC,Adkinsland,Dominica
VEND0044,"Scott, Ramos and Walker",Mathewton,Egypt
VEND0045,Nelson Group,Martinburgh,Pitcairn Islands
VEND0046,Abbott-Duran,South Taraland,Guinea-Bissau
VEND0047,"Gregory, Wood and Simmons",Summersland,Moldova
VEND0048,Ramsey-Summers,North Dean,Macao
VEND0049,Edwards-Foster,Port Amyhaven,Cambodia
VEND0050,Wade-Thompson,Jacksonside,Ireland
VEND0051,Kim-Collins,Crystalstad,Egypt
VEND0052,Hernandez-Richards,East Kevin,Niue
VEND0053,Noble-Elliott,West Jacqueline,Guinea-Bissau
VEND0054,"Moore, Bell and Fitzgerald",Mcdonaldport,Philippines
VEND0055,"Hamilton, Small and Levy",North Williamfort,Botswana
VEND0056,"Ramirez, Walters and Thompson",Lake Charleneport,United Arab Emirates
VEND0057,Johnson Inc,Port Paul,Slovenia
VEND0058,Garcia LLC,Stewartborough,Korea
VEND0059,"Morris, Thompson and Hickman",Brookeshire,Ecuador
VEND0060,Wilson-Bell,East Justinfurt,Falkland Islands (Malvinas)
VEND0061,Morris LLC,Samuelstad,Jordan
VEND0062,"Hopkins, Schroeder and Rivera",Pollardstad,Holy See (Vatican City State)
VEND0063,Oneill-Brown,Nataliefort,Dominica
VEND0064,Collins-Smith,Johnbury,Bahamas
VEND0065,"Harper, Johnson and Wallace",Rachelfurt,Japan
VEND0066,Foster Inc,East Melissaside,Mongolia
VEND0067,Oliver-Larsen,East Lauraport,Kenya
VEND0068,Stephens PLC,Krauseville,South Africa
VEND0069,Moon-Allen,Port Keithside,Niue
VEND0070,"Jackson, Holmes and Velasquez",South Michelleland,Lesotho
VEND0071,Pugh LLC,Heatherville,Botswana
VEND0072,"Allen, Taylor and Acosta",East Andre,Belarus
VEND0073,"Duffy, Henry and Martinez",Karenton,Kiribati
VEND0074,Yang PLC,Jasonland,Cote d'Ivoire
VEND0075,Francis LLC,West Samanthaville,Luxembourg
VEND0076,Padilla-Bradley,Craigburgh,Heard Island and McDonald Islands
VEND0077,"Wallace, Nelson and Turner",South Kevin,Micronesia
VEND0078,Davis-Salas,Brianbury,French Southern Territories
VEND0079,Hatfield-Floyd,West Patrick,Turks and Caicos Islands
VEND0080,Sosa-Brooks,Jerryton,Guatemala
VEND0081,Williams-Huber,Freymouth,Jamaica
VEND0082,Johnson Ltd,South Spencer,Senegal
VEND0083,"Smith, Conner and Meza",South Jerryton,Papua New Guinea
VEND0084,Hill Inc,Youngfort,Kuwait
VEND0085,Doyle-Olsen,Caitlinburgh,Cocos (Keeling) Islands
VEND0086,Williams-Jenkins,Lake Ann,Iraq
VEND0087,"Smith, Rodriguez and Gross",Lake Erikaton,Hungary
VEND0088,"Kim, Wilson and Price",Littleland,Tunisia
VEND0089,"Sparks, Wilkinson and Frey",New Kimside,Paraguay
VEND0090,"Simpson, Lloyd and Morris",Lake Russell,United States Minor Outlying Islands
VEND0091,Miller PLC,Port Jamesside,South Africa
VEND0092,Gonzalez-Joseph,New Sarahland,Wallis and Futuna
VEND0093,Johnson-Pena,Listad,United States Virgin Islands
VEND0094,Woods-Goodwin,Johnmouth,Uruguay
VEND0095,"King, Ibarra and James",Markstad,Bulgaria
VEND0096,"Martin, Peters and Moreno",East Amy,Timor-Leste
VEND0097,Williams-Weber,Port Samantha,Niger
VEND0098,Sparks-Ochoa,New Wanda,Senegal
VEND0099,Patterson and Sons,Ashleybury,Chile
VEND0100,Woods-Park,East Stevenmouth,Oman
VEND0101,"Arroyo, Kramer and Bennett",North Katherine,Cocos (Keeling) Islands
VEND0102,"Dominguez, Brown and Bass",Gordonside,Mauritania
VEND0103,Morris-Walker,Martintown,Latvia
VEND0104,Gordon Inc,Johnland,Congo
VEND0105,Navarro and Sons,Contrerasport,Tokelau
VEND0106,Duffy-Morris,Mcculloughside,Cayman Islands
VEND0107,Terry PLC,Davisville,Serbia
VEND0108,Luna-Young,Port Robertmouth,Bermuda
VEND0109,Shelton-Torres,West Christopher,Chad
VEND0110,Wagner PLC,Jamieberg,Slovenia
VEND0111,"Mcpherson, Roberts and Hoover",South Erin,Guyana
VEND0112,"George, Brewer and Schultz",Juliaview,Algeria
VEND0113,Brown-Watson,Port Charleneburgh,Guinea
VEND0114,Lopez-Allen,North Rogerton,Saint Vincent and the Grenadines
VEND0115,"Smith, Carpenter and Ruiz",North Scotttown,Trinidad and Tobago
VEND0116,Burton Group,South Edwardborough,Maldives
VEND0117,"Vaughn, Davis and Fry",Schneiderland,Cambodia
VEND0118,Gomez-Williams,Leonardmouth,Mozambique
VEND0119,"Oconnell, Blake and Matthews",Kevinfurt,Bangladesh
VEND0120,Drake-Gilmore,Lucastown,Tuvalu
VEND0121,Martinez-Baker,Lake Elizabeth,Rwanda
VEND0122,"Johnson, Green and Hernandez",Lake Matthewland,Pitcairn Islands
VEND0123,"Martinez, Brown and Morgan",Port Kyle,Macao
VEND0124,Dickson-Osborn,East Nancy,Palau
VEND0125,Cruz and Sons,North Karenland,Niger
VEND0126,Ward-Mann,Mccoyhaven,Mexico
VEND0127,Fuentes LLC,Watsonberg,Cyprus
VEND0128,"Coffey, Scott and Sexton",West Ryan,Spain
VEND0129,Simpson-Dean,East Michelleville,Costa Rica
VEND0130,Stewart-Miller,New Donaldville,Holy See (Vatican City State)
VEND0131,Perez-Miller,New Tyler,Cameroon
VEND0132,"Cook, Price and Pearson",Lake Selena,Uzbekistan
VEND0133,Glover-Brown,Jasonburgh,Congo
VEND0134,"Maddox, Nelson and White",Matafurt,Trinidad and Tobago
VEND0135,Nelson and Sons,West Toddhaven,Sudan
VEND0136,Gentry and Sons,Crosbymouth,French Polynesia
VEND0137,Lloyd-Martin,New Michaelchester,Pakistan
VEND0138,Duarte LLC,Barrettbury,Bulgaria
VEND0139,"Smith, Sanders and Hudson",Lake Travisland,Haiti
VEND0140,"Nichols, Pierce and Smith",Port Jamie,Nepal
VEND0141,"Mack, Graham and Alvarez",Lake Ashleyton,Uruguay
VEND0142,"Mccarthy, Shaffer and Black",Hardinside,Spain
VEND0143,Mack-Robinson,Kimberlyport,Christmas Island
VEND0144,"Stephens, Pearson and Norton",East Stevehaven,Cambodia
VEND0145,Rogers PLC,New Julie,Syrian Arab Republic
VEND0146,Chambers LLC,New Kenneth,Tajikistan
VEND0147,Collier-Tucker,Ayalaburgh,Colombia
VEND0148,Carter Group,Snyderfurt,Jamaica
VEND0149,Austin-Sanford,New Aaronmouth,Wallis and Futuna
VEND0150,Bailey-Ross,Lake Sergio,Croatia
VEND0151,"Anderson, Jones and Simpson",Gravesstad,Georgia
VEND0152,Green Group,North Chadmouth,Bermuda
VEND0153,Thornton PLC,New Kerryport,Indonesia
VEND0154,Thomas-Mcdonald,Holmesville,Slovenia
VEND0155,"Allen, Jones and Ballard",West Martha,Kyrgyz Republic
VEND0156,Hayes LLC,Randallmouth,Liberia
VEND0157,"Mitchell, Lee and Peterson",West Ronald,Dominica
VEND0158,Brooks-Smith,Garciaview,Palestinian Territory
VEND0159,Rios-Curry,Newtonville,Sri Lanka
VEND0160,Cobb Inc,South Daleland,Anguilla
VEND0161,"Lopez, Wade and Fowler",New Jasonborough,Puerto Rico
VEND0162,"Matthews, Nash and Bowman",Andrewton,Cayman Islands
VEND0163,Brennan-Delgado,East Jessicaville,Timor-Leste
VEND0164,Campos-Garcia,Cookborough,Venezuela
VEND0165,Walters-Fernandez,Port Robertfurt,Maldives
VEND0166,Warren-David,Lake Tinaside,Slovakia (Slovak Republic)
VEND0167,Keller-Reyes,Bernardberg,Iceland
VEND0168,Martinez-Brown,North Deannaview,Ireland
VEND0169,Cunningham-Henderson,Kimberlyborough,French Polynesia
VEND0170,Robinson-Williams,Kimberlyshire,Togo
VEND0171,"Conrad, Ross and Joseph",Lake Diane,Guinea-Bissau
VEND0172,Melendez LLC,West Joeville,Eritrea
VEND0173,Houston-Guzman,East Josephton,Wallis and Futuna
VEND0174,Gamble-Johnson,South Joseph,Aruba
VEND0175,Hunter-Blair,Shawnbury,Cocos (Keeling) Islands
VEND0176,Simmons Inc,Laurenton,Germany
VEND0177,Johnson Ltd,Kleinfort,Cayman Islands
VEND0178,Richardson-Brown,Port Darleneburgh,Belgium
VEND0179,"Mccormick, Turner and Bryant",West Patricia,Togo
VEND0180,"Sanchez, Roberts and Gonzalez",Port Elaineshire,Norfolk Island
VEND0181,"Mathews, Moore and Lowe",Wellstown,Central African Republic
VEND0182,Hernandez-Fletcher,Toddmouth,Timor-Leste
VEND0183,Booker PLC,Brownside,Costa Rica
VEND0184,Allen-Rogers,Lewisville,Slovakia (Slovak Republic)
VEND0185,Crane LLC,Kristyfurt,Jersey
VEND0186,Jones Ltd,Adrianburgh,Japan
VEND0187,"Kennedy, Jones and Chapman",Nathanland,South Georgia and the South Sandwich Islands
VEND0188,Jones Ltd,Williamhaven,Saint Pierre and Miquelon
VEND0189,Young LLC,Port Billburgh,Cape Verde
VEND0190,"Stanley, Greene and Thomas",West Sheilashire,Kuwait
VEND0191,Vance-Hughes,North Emilyport,Bouvet Island (Bouvetoya)
VEND0192,"Anderson, Ortiz and Harvey",Lake Janetmouth,Botswana
VEND0193,Riley-Lopez,Peterborough,Saudi Arabia
VEND0194,Bennett PLC,Lake Davidberg,Argentina
VEND0195,Roberts PLC,Colleenburgh,Senegal
VEND0196,"Abbott, Simmons and Schmidt",Janetfurt,Benin
VEND0197,Wilson-Rose,North Elizabethberg,Turkmenistan
VEND0198,Rogers PLC,West Chadberg,France
VEND0199,Rice and Sons,Ronaldfurt,Vietnam
VEND0200,Reese LLC,West Jason,Nepal
VEND0201,Kelly-Adams,Port Christopherville,Oman
VEND0202,Barrett PLC,Karachester,Estonia
VEND0203,Dennis LLC,Reedburgh,Tajikistan
VEND0204,Ramos-Ingram,Alexisport,Micronesia
VEND0205,James-Ellis,East Brittany,Palestinian Territory
VEND0206,Rhodes Ltd,Kempport,Angola
VEND0207,Montes Group,East Ryanfort,French Guiana
VEND0208,Black Ltd,Jennabury,Finland
VEND0209,Bradshaw and Sons,Kennedymouth,Mexico
VEND0210,Jordan PLC,Port Daniel,Gabon
VEND0211,Stafford Group,South Carol,Netherlands
VEND0212,Dean-Brown,Port Christopherview,Sierra Leone
VEND0213,Gordon-Jones,East Carolbury,Reunion
VEND0214,Davis Ltd,North Jessicaside,South Africa
VEND0215,Cunningham-Adams,Gibbsborough,Nauru
VEND0216,Thompson LLC,Lake Hollyview,Rwanda
VEND0217,"Williams, Evans and Mccall",Ashleystad,Guadeloupe
VEND0218,Cross-Martinez,Fletcherborough,Kuwait
VEND0219,Lee-Young,Mariemouth,Burundi
VEND0220,Bates-Williams,Lake Robert,Liberia
VEND0221,"Sellers, Meyers and Le",South Ann,Liechtenstein
VEND0222,Nelson-Griffin,Port Nicolestad,Argentina
VEND0223,Morris LLC,Gonzalezland,Vietnam
VEND0224,"Davidson, Frye and Butler",North Morgan,Burkina Faso
VEND0225,Jarvis-Thompson,South Maurice,Ethiopia
VEND0226,Roy Inc,Lake Shawnview,Rwanda
VEND0227,"Anthony, Madden and Oconnor",Lake Beverly,Peru
VEND0228,Smith LLC,Port Cynthia,Egypt
VEND0229,Medina-Brown,Ashleeview,Reunion
VEND0230,Benson-Carter,Arianachester,Luxembourg
VEND0231,Caldwell PLC,West Matthewmouth,Iraq
VEND0232,Marsh-Schmidt,South Sharon,Kazakhstan
VEND0233,"Hernandez, Ramirez and Griffin",Lake Katelyn,Mali
VEND0234,"Watkins, Vargas and Liu",Lake Robin,Gibraltar
VEND0235,Patel-Vargas,Stevenshaven,Nepal
VEND0236,Scott-Paul,Campbellburgh,Vanuatu
VEND0237,Tucker LLC,Kevinton,Lebanon
VEND0238,"Campbell, Chapman and Cohen",Lake Anthonytown,Algeria
VEND0239,"Reed, Jensen and White",New Ashley,Niue
VEND0240,Wagner and Sons,South Kimberlyview,Sierra Leone
VEND0241,Beltran Group,Johnhaven,Samoa
VEND0242,Moore-Young,East Wendy,El Salvador
VEND0243,"Norris, Hernandez and Diaz",Morenoport,Burundi
VEND0244,Wood-Franklin,Odonnellport,Costa Rica
VEND0245,Santiago-Brown,North Patricia,Niger
VEND0246,"Jones, Adams and Barker",Robertschester,Kiribati
VEND0247,Morgan Ltd,Gomezmouth,Kyrgyz Republic
VEND0248,Snyder-Henry,Lake Sarah,Denmark
VEND0249,Benjamin-Alvarado,Peterville,Saint Vincent and the Grenadines
VEND0250,"Johnson, Sanford and Reyes",Lake Natalieton,Niger
VEND0251,Smith-Harmon,Laurenport,Malta
VEND0252,Adams and Sons,Lake Jodistad,Maldives
VEND0253,Thompson-Graham,Carolstad,Greece
VEND0254,"Ramos, Davis and Harris",Arnoldshire,Aruba
VEND0255,Leblanc Inc,South Joeside,Ghana
VEND0256,"Whitehead, Rodriguez and Herrera",East Samanthaton,Cyprus
VEND0257,Perez Group,Lake Chadland,Cook Islands
VEND0258,Morales LLC,West Matthew,Iceland
VEND0259,"Montes, Walter and Molina",Lake Russell,Tunisia
VEND0260,Flores PLC,Lake Eduardoside,Montenegro
VEND0261,Smith LLC,Port Williamshire,Chad
VEND0262,"Martin, Wilson and Blake",Andreport,South Georgia and the South Sandwich Islands
VEND0263,Ellis-Underwood,Jessefort,Saint Pierre and Miquelon
VEND0264,Jackson-Newman,Robertbury,Chile
VEND0265,Bautista-Cox,Richardberg,American Samoa
VEND0266,"Huynh, Henry and Stephens",Richardchester,Guadeloupe
VEND0267,"Pham, Garner and Ortiz",West Erikport,Solomon Islands
VEND0268,Wood Inc,Carlastad,Kenya
VEND0269,"Bright, Hodges and Ramirez",West Dustinstad,Kenya
VEND0270,Barrera-Bradley,Lake Stacieside,Bulgaria
VEND0271,Richard Inc,Gravesbury,Belgium
VEND0272,"Dyer, Nelson and Chambers",Meyerchester,Argentina
VEND0273,Davis-Vargas,New Susanton,Luxembourg
VEND0274,Lyons-Mitchell,Brewerport,Portugal
VEND0275,Cooley-Vasquez,Port Jacobmouth,South Africa
VEND0276,Parsons-Huynh,New Matthew,South Georgia and the South Sandwich Islands
VEND0277,"Woodard, Thomas and Wilcox",Stokestown,Cameroon
VEND0278,Jimenez-Reynolds,West Kristinmouth,Belgium
VEND0279,Barnett-Vargas,New Megan,Solomon Islands
VEND0280,Petersen-Powell,Rodneyfort,Kiribati
VEND0281,"Brown, Mejia and Lawson",Lake Elizabethburgh,Montenegro
VEND0282,Keith-Parker,West Erinburgh,Northern Mariana Islands
VEND0283,"Burns, Walker and Sanchez",North Theresahaven,Colombia
VEND0284,Gutierrez-Williams,Danielmouth,Sao Tome and Principe
VEND0285,"Conway, Jenkins and Ball",South Samanthaport,Paraguay
VEND0286,"Lee, Collins and Williams",North Mary,Cameroon
VEND0287,"Mercado, Daniel and Williams",Lake Philipmouth,Australia
VEND0288,Schultz-Olsen,Barrettmouth,Western Sahara
VEND0289,Nelson and Sons,Jerryfort,Peru
VEND0290,Cuevas-Young,East Heatherfurt,Taiwan
VEND0291,Morris and Sons,South Davidside,Aruba
VEND0292,Mccall Inc,West Vanessaland,Switzerland
VEND0293,Lopez-Landry,Patriciamouth,Saint Vincent and the Grenadines
VEND0294,"Miller, Anderson and Reynolds",Miafort,Belarus
VEND0295,"Moore, Parker and Oliver",Lake Cristianview,Belize
VEND0296,Warren-Johnson,Nicholsview,Afghanistan
VEND0297,"Jimenez, Hunt and Gonzalez",Lake Gregorystad,Madagascar
VEND0298,Castillo LLC,New Robertport,Cape Verde
VEND0299,Porter-Henson,Hunterton,Kiribati
VEND0300,Aguilar-Espinoza,Jamesburgh,Saint Vincent and the Grenadines
VEND0301,Cobb LLC,Jonesfort,Cook Islands
VEND0302,"Davis, Hardy and Ferguson",South Kristinshire,Tanzania
VEND0303,"Tran, Gonzales and Soto",East Monicafort,Martinique
VEND0304,Smith LLC,Lake Micheleland,Micronesia
VEND0305,Perry-Murphy,Port Melissachester,Myanmar
VEND0306,Ramirez and Sons,Mckenziestad,Vanuatu
VEND0307,"Sharp, Taylor and Jenkins",Annamouth,India
VEND0308,Cochran LLC,New Kylietown,Burkina Faso
VEND0309,Nelson Group,North Aliciamouth,Anguilla
VEND0310,Rose PLC,Lake Aliceberg,Kuwait
VEND0311,"Smith, Cole and Arias",Tiffanyburgh,Singapore
VEND0312,"Smith, Palmer and Gonzalez",Davidshire,Saudi Arabia
VEND0313,"Paul, Wyatt and Walsh",Stephenland,Eritrea
VEND0314,"Valdez, Jimenez and Kennedy",Johnsonmouth,Antarctica (the territory South of 60 deg S)
VEND0315,"Hernandez, Ellis and Little",North William,New Caledonia
VEND0316,Logan-Harris,Reyesberg,Honduras
VEND0317,Roth LLC,Lake Mariabury,Uganda
VEND0318,Robinson LLC,Lake Carlos,Luxembourg
VEND0319,Flores-Velasquez,Smithberg,Niue
VEND0320,Morales-Clark,North Shannon,Bhutan
VEND0321,"Martin, Smith and Glenn",Alanton,Japan
VEND0322,Nelson-White,Lake Bruce,Dominica
VEND0323,"Peterson, Peterson and Mcgrath",New Christianton,Austria
VEND0324,"Olson, Thompson and Dixon",Liland,Burkina Faso
VEND0325,"Martinez, Diaz and Moore",Lake Laurenside,Denmark
VEND0326,Tucker-Duncan,New Wanda,Eritrea
VEND0327,"Smith, James and Long",West Benjamin,Palestinian Territory
VEND0328,"Garcia, Lopez and Henderson",Port Alexismouth,Denmark
VEND0329,Tucker-Peterson,Brianfurt,Uzbekistan
VEND0330,"Villegas, Avila and Burton",Faithberg,Greece
VEND0331,"Walker, Simpson and Moyer",Alanfurt,Uganda
VEND0332,"Jacobson, Le and Jackson",Erictown,Netherlands
VEND0333,"Carson, Scott and Gonzalez",Port Shawn,British Virgin Islands
VEND0334,"Stewart, Blake and Vega",Chadside,Marshall Islands
VEND0335,Pierce-Perez,East Keithfurt,Poland
VEND0336,"Newman, Roberson and Gonzalez",East Jonathanland,Iran
VEND0337,Meyers LLC,Hansonhaven,Macao
VEND0338,Rosario-Watson,West Melanieshire,Falkland Islands (Malvinas)
VEND0339,Gray-Miller,Farrellland,Bulgaria
VEND0340,Larsen-Whitehead,South Jimmy,Eritrea
VEND0341,James LLC,Hollowayside,Equatorial Guinea
VEND0342,Harris LLC,Chandlertown,Saint Lucia
VEND0343,"Williams, Bishop and Williams",Port Destinybury,Hungary
VEND0344,Johnson-Bartlett,Cruzbury,Chile
VEND0345,Cummings-Colon,Priceberg,Gabon
VEND0346,Elliott-Miller,Williamsmouth,Pitcairn Islands
VEND0347,Walker-Good,North Steven,Guinea
VEND0348,"Hall, Sanders and Wilson",Woodton,Belgium
VEND0349,"Hernandez, Brooks and Nguyen",North Ashleestad,Turkmenistan
VEND0350,"Hutchinson, Bennett and Davis",New Richard,Angola
VEND0351,Ramirez-Brown,East Meghan,Ecuador
VEND0352,Hill-Jones,South Scotthaven,Netherlands Antilles
VEND0353,Joseph-Simpson,East Cynthiaside,Kyrgyz Republic
VEND0354,Barnett-Johnson,Richardstad,Ecuador
VEND0355,Davis Ltd,Westview,Macao
VEND0356,Moody Group,Adkinsstad,Faroe Islands
VEND0357,"Obrien, Vazquez and Thomas",East Ryan,Portugal
VEND0358,Hunt-Ayers,South Stephanie,Vanuatu
VEND0359,Cochran-Rodriguez,East Jenniferport,Mayotte
VEND0360,"Martin, Velazquez and Bryant",Williamsbury,Togo
VEND0361,Wagner-Mendoza,Grantville,Kyrgyz Republic
VEND0362,Barnes-Davis,Austinside,Solomon Islands
VEND0363,Brown-Mora,Hallchester,Kazakhstan
VEND0364,Alexander LLC,West Hannah,French Guiana
VEND0365,Hill Ltd,Friedmanburgh,Italy
VEND0366,Harvey-Smith,Russellfurt,Benin
VEND0367,Thompson LLC,Karenview,Serbia
VEND0368,"Williams, Gonzalez and Mcclain",South Michael,Singapore
VEND0369,Smith Ltd,Patrickmouth,Pitcairn Islands
VEND0370,"Walters, Vega and Rosales",Santosside,Mexico
VEND0371,Lopez Inc,North Andres,Botswana
VEND0372,Carter-Gomez,Mossborough,Martinique
VEND0373,Bass-Roberts,East Jason,Botswana
VEND0374,"Moore, Ward and Harris",Freystad,Lesotho
VEND0375,Jones-Taylor,Cindyberg,Cuba
VEND0376,"Pearson, Paul and Avery",South Jamieport,Belize
VEND0377,Grimes PLC,Lake Thomas,Eritrea
VEND0378,Diaz-Lee,Davidshire,Uruguay
VEND0379,"Anthony, Hubbard and Johnson",North Lisa,Lithuania
VEND0380,"Meza, Trujillo and Watkins",West Andreashire,Jamaica
VEND0381,Lee and Sons,Moralesberg,Chad
VEND0382,Wilson-Barnes,Sandersmouth,Libyan Arab Jamahiriya
VEND0383,Wheeler and Sons,Andreaburgh,Colombia
VEND0384,Lewis-Mason,East Robert,Guinea-Bissau
VEND0385,"Stewart, Herrera and Johnson",East Melissa,Guatemala
VEND0386,"White, Torres and Price",Frederickfort,Marshall Islands
VEND0387,Sanchez-Conley,Whitemouth,Kyrgyz Republic
VEND0388,Fields-Chan,Hamiltonfurt,United Arab Emirates
VEND0389,"Harper, Brooks and Kennedy",Port Arielbury,Gabon
VEND0390,"Moore, Allen and Cline",Kimchester,Chad
VEND0391,White-Thomas,South Shannon,Saint Kitts and Nevis
VEND0392,Wilson and Sons,Tamarafurt,Rwanda
VEND0393,"Hurst, Berger and Reeves",East Mariatown,Chile
VEND0394,Evans Inc,Perezton,Cote d'Ivoire
VEND0395,"Wright, Mccormick and Jones",Lake Brianna,Korea
VEND0396,Moses-Myers,Edwardston,Italy
VEND0397,Conrad LLC,Pruitttown,Mexico
VEND0398,Jackson and Sons,Lake Kristen,Belgium
VEND0399,Myers-Freeman,Lake Gregorychester,New Zealand
VEND0400,"Sanchez, Stevenson and Myers",Jessicaborough,Reunion
VEND0401,Fisher-Martin,Bautistaville,Niger
VEND0402,Ali Group,Port Megan,Mozambique
VEND0403,"Lewis, Terrell and Salazar",West John,Brazil
VEND0404,Cunningham-Alvarez,North Alexandra,Nepal
VEND0405,Peters Inc,Ramirezburgh,Niger
VEND0406,"Moore, Frederick and Becker",Port James,Reunion
VEND0407,Ramirez-Medina,South David,Timor-Leste
VEND0408,Thomas-Williams,Changburgh,Singapore
VEND0409,Reyes Ltd,East Ericmouth,Romania
VEND0410,Love-Schmidt,Meganhaven,Bermuda
VEND0411,Roy-Peck,Lake Dylan,Venezuela
VEND0412,"Wolfe, Hogan and Merritt",Hallchester,Fiji
VEND0413,Morris-White,Cherylside,Azerbaijan
VEND0414,Gibson-Kidd,Marcusfurt,Azerbaijan
VEND0415,"Rojas, Smith and Johnston",Zhangbury,Puerto Rico
VEND0416,"Keller, Bright and Johnson",Braunview,Burundi
VEND0417,Bentley and Sons,Loritown,Kuwait
VEND0418,"Reed, Carpenter and Weaver",West Deannashire,Colombia
VEND0419,"Collins, Carr and Melton",Mirandatown,Lithuania
VEND0420,Martinez and Sons,East Tristan,Mexico
VEND0421,"Schmidt, Chase and Reid",New Crystalstad,Portugal
VEND0422,Allen LLC,South Karen,Tajikistan
VEND0423,Avila Group,Traviston,Comoros
VEND0424,Martinez-White,Port Ashlee,Faroe Islands
VEND0425,Henderson-Proctor,East Jillianfurt,Guinea-Bissau
VEND0426,Ortiz Ltd,Port Michael,Mayotte
VEND0427,"Dudley, Ruiz and Brooks",Carlshire,Monaco
VEND0428,"Warner, Baker and Hernandez",New Karenview,Croatia
VEND0429,Wright-Freeman,South Shannon,France
VEND0430,Beck LLC,Chadtown,Bosnia and Herzegovina
VEND0431,"Black, Jones and Faulkner",New Jayberg,Christmas Island
VEND0432,Khan PLC,North Leahport,Sierra Leone
VEND0433,Kelly LLC,Matthewland,Burundi
VEND0434,"Joseph, Lee and Carter",North Travis,Faroe Islands
VEND0435,Schneider Inc,Stephenside,Afghanistan
VEND0436,"Wilson, Brown and Wilson",Jonathanmouth,United States Minor Outlying Islands
VEND0437,Jones Ltd,North Raymond,Ireland
VEND0438,Jordan-Mitchell,Christophershire,Cuba
VEND0439,Garcia PLC,South Lori,Thailand
VEND0440,"Jacobs, Page and Jimenez",West Sean,Northern Mariana Islands
VEND0441,Good and Sons,East Alexmouth,Belgium
VEND0442,Johnson LLC,East Kathy,Martinique
VEND0443,Terrell and Sons,Warnerland,Liechtenstein
VEND0444,"Williams, Johns and Frank",South Kimberlyton,Zambia
VEND0445,Carr-Lynch,Lake Benjaminton,Mauritania
VEND0446,"Terry, Wilkins and Parker",North Katherineshire,Kazakhstan
VEND0447,Smith-Clark,Beckside,United States Virgin Islands
VEND0448,Garrett-Thomas,East Adam,New Caledonia
VEND0449,Sharp PLC,New Karaberg,Christmas Island
VEND0450,"Freeman, Foster and Johns",Sandramouth,San Marino
VEND0451,Hart Inc,Port Tina,Lao People's Democratic Republic
VEND0452,Oliver LLC,Dudleyview,Spain
VEND0453,Lee-Whitehead,South Pamela,Colombia
VEND0454,Martin LLC,Jenniferbury,Jamaica
VEND0455,"Hill, Miller and Hayden",North Nicholasberg,Togo
VEND0456,Stewart Group,Austinborough,Sierra Leone
VEND0457,Hutchinson-Bowen,Meyerstad,Djibouti
VEND0458,Obrien Ltd,Lake Anne,Guam
VEND0459,Phelps PLC,North Kelly,Lithuania
VEND0460,Decker-Patel,East Melissaburgh,Cook Islands
VEND0461,"Garcia, Barker and Chapman",Johnsonmouth,Saint Martin
VEND0462,"Long, Johnson and Blackwell",East Brenda,Mozambique
VEND0463,"Davis, Anderson and Cobb",Jamesville,Bhutan
VEND0464,Parker Group,Lake Danny,Mongolia
VEND0465,Bowers-Collins,Lake Christinestad,British Virgin Islands
VEND0466,Jacobson Group,Port Heatherborough,Jamaica
VEND0467,White Inc,Christineville,United States of America
VEND0468,Edwards and Sons,Briannaside,El Salvador
VEND0469,Sutton PLC,North William,Togo
VEND0470,"Howard, Thomas and York",Lake Victor,Madagascar
VEND0471,"King, Johnson and White",Mackport,Korea
VEND0472,Mccullough PLC,South Dennis,Guatemala
VEND0473,Campos-Brown,Amandafurt,Gibraltar
VEND0474,"Goodman, Young and Davis",Krystalview,Nicaragua
VEND0475,Blevins-Garcia,East Frederickfort,Sri Lanka
VEND0476,"Powell, Gill and Hernandez",Danielleburgh,Bhutan
VEND0477,Thomas Inc,West Robert,Macao
VEND0478,Doyle-Reyes,Mitchellton,Papua New Guinea
VEND0479,Rodriguez-Conner,West Tyler,Netherlands
VEND0480,Reeves Ltd,West Roseshire,Albania
VEND0481,"Jacobs, Campbell and Watson",Jonesfort,Saudi Arabia
VEND0482,Harris-Benson,South Joshua,British Indian Ocean Territory (Chagos Archipelago)
VEND0483,"Brown, Thomas and Daniels",East Rodneyfurt,Austria
VEND0484,Jones Group,East Steven,Mali
VEND0485,Cooper and Sons,West Johnport,Nauru
VEND0486,Simmons-Hernandez,Johnfurt,Falkland Islands (Malvinas)
VEND0487,"Powell, Shannon and Kelley",Savagetown,Libyan Arab Jamahiriya
VEND0488,"Carter, Brady and Little",Hickston,Lithuania
VEND0489,Price Ltd,Brendahaven,Chad
VEND0490,"Crawford, Collins and Drake",Lake Katie,United Kingdom
VEND0491,Mendoza-Young,North Christopherville,Montserrat
VEND0492,Alvarez-Martin,Lake Christopherview,Sweden
VEND0493,Rios Inc,New Richardmouth,Yemen
VEND0494,"Salinas, Middleton and Haney",Kylehaven,Hong Kong
VEND0495,Mills LLC,North Amandachester,Guatemala
VEND0496,Lopez PLC,East Amandaland,Solomon Islands
VEND0497,Garcia LLC,Joelville,Kuwait
VEND0498,Rodriguez PLC,West Kyle,Lao People's Democratic Republic
VEND0499,"Mckee, Serrano and Moore",Port Allison,Pitcairn Islands
VEND0500,Gonzalez-Garcia,North Joshuafurt,Wallis and Futuna
VEND0501,Wallace Group,West Alison,Congo
VEND0502,Webb LLC,West Lindsey,Cote d'Ivoire
VEND0503,Adams LLC,Michaelville,Qatar
VEND0504,Thompson-Lee,Rachelchester,Kenya
VEND0505,"Chen, Parker and Nguyen",Kentton,Mozambique
VEND0506,Duncan-Olson,Lake Jeanchester,United Arab Emirates
VEND0507,"Walters, Tapia and Harper",Lopezland,Pakistan
VEND0508,"Hendricks, Callahan and Nguyen",Michaelshire,Puerto Rico
VEND0509,Wallace-Curtis,Tanyahaven,Indonesia
VEND0510,Franco Inc,North Clairemouth,Maldives
VEND0511,Clarke-Butler,Andersonport,Norfolk Island
VEND0512,Blackburn-Whitaker,Silvamouth,Argentina
VEND0513,Bradshaw-Jones,Danielview,Sweden
VEND0514,"Valentine, Hill and Love",Lake Robertfort,Guernsey
VEND0515,Smith Inc,Christopherburgh,Palestinian Territory
VEND0516,Griffin Inc,Shanemouth,Iran
VEND0517,Humphrey Ltd,East Mark,North Macedonia
VEND0518,"Morales, Delacruz and Nguyen",North Ebony,Thailand
VEND0519,Duke-Smith,Lake Stacyfurt,Saint Vincent and the Grenadines
VEND0520,Johnston LLC,Anthonyshire,Suriname
VEND0521,Collins-Gilbert,Laurachester,Japan
VEND0522,Price and Sons,Orozcofurt,Andorra
VEND0523,Hinton Group,Brownport,China
VEND0524,Coleman Ltd,Aguilarmouth,Hungary
VEND0525,Ramos and Sons,Lake Haileyshire,Libyan Arab Jamahiriya
VEND0526,Hart Ltd,Josephview,Cyprus
VEND0527,Campbell Inc,West Patriciafort,Poland
VEND0528,Salinas Group,Matthewchester,Northern Mariana Islands
VEND0529,Bush-Anderson,North Stephen,Nigeria
VEND0530,"Woods, Dunn and Moore",South Steventon,Pakistan
VEND0531,Gilbert Ltd,Brianport,Puerto Rico
VEND0532,Carroll-Brown,Laurafurt,Eritrea
VEND0533,Thomas-Williams,New Elizabethburgh,Singapore
VEND0534,"Bonilla, Reed and Cohen",Shaneberg,Russian Federation
VEND0535,Pearson and Sons,Tylerton,Suriname
VEND0536,Chambers-Thomas,Liton,Chad
VEND0537,"Fisher, Guerrero and Cervantes",Danielsshire,Cape Verde
VEND0538,Todd-Clark,South Shannon,Solomon Islands
VEND0539,"Orr, King and Gordon",Jeremyport,Saint Kitts and Nevis
VEND0540,Owens-Wright,New Jennifer,Syrian Arab Republic
VEND0541,Martin-Jimenez,New David,Congo
VEND0542,Haynes-Arias,New Linda,Dominican Republic
VEND0543,"Lee, Carlson and Bowers",Laurentown,South Africa
VEND0544,"Colon, Mitchell and Rush",Morrowtown,Niger
VEND0545,Smith PLC,Lake Briannachester,Burundi
VEND0546,Bowen Group,Richardsonchester,French Southern Territories
VEND0547,Acosta-Beltran,East Kristinmouth,Nicaragua
VEND0548,Wood and Sons,New Victoria,Liechtenstein
VEND0549,"Cole, Fletcher and Johnson",North Steven,Isle of Man
VEND0550,"Campbell, Carlson and Martinez",North Carl,Northern Mariana Islands
VEND0551,Marshall LLC,Reedborough,Grenada
VEND0552,"Lloyd, Payne and Sharp",North Maria,Syrian Arab Republic
VEND0553,Aguirre-Richardson,Garciaberg,Taiwan
VEND0554,Chavez-Carter,Amandaland,Sierra Leone
VEND0555,"Yoder, Gregory and Miller",New Carl,Maldives
VEND0556,Kennedy Ltd,Leslietown,China
VEND0557,Schaefer Group,East Charlesfurt,Cambodia
VEND0558,Dillon Group,Rodriguezshire,Palestinian Territory
VEND0559,Williams Ltd,New Ryanhaven,Tokelau
VEND0560,"Mitchell, Molina and Hanson",New Janiceburgh,Equatorial Guinea
VEND0561,"Norris, Larsen and Carter",New Sonia,Cape Verde
VEND0562,Pena-Holloway,Lake Autumnborough,Cook Islands
VEND0563,Pennington Ltd,Vasquezport,Cameroon
VEND0564,Obrien-James,Myersmouth,Thailand
VEND0565,"Johnson, Callahan and Smith",Gentryshire,Turks and Caicos Islands
VEND0566,Dudley-Williams,West Donna,Algeria
VEND0567,Murphy-Ingram,Douglasville,Iran
VEND0568,Johnston-Rodriguez,Valenciafort,Saint Pierre and Miquelon
VEND0569,Ward-Sexton,West Ricky,Barbados
VEND0570,Fields LLC,Vaughnhaven,Swaziland
VEND0571,"Harris, Lutz and Mclaughlin",Tiffanyfurt,Isle of Man
VEND0572,Adkins LLC,Ericburgh,Ecuador
VEND0573,Morris PLC,Ellenmouth,Latvia
VEND0574,"Rodriguez, Miller and Wang",Carolynland,Mozambique
VEND0575,"Ayala, Anderson and Adams",Richmondview,Falkland Islands (Malvinas)
VEND0576,Benitez Inc,Lake Lauraland,Belize
VEND0577,"Lee, Wright and Murphy",Cookburgh,Tunisia
VEND0578,"Golden, Love and Matthews",Brentshire,Sweden
VEND0579,"Moore, Brewer and Calhoun",East Stephanieport,Venezuela
VEND0580,Adams-Singh,Sarahside,Cyprus
VEND0581,Matthews LLC,South Davidville,Bahamas
VEND0582,Adams-Shepherd,South Garyburgh,United States of America
VEND0583,"Nichols, Davis and Wilson",Lake Amandaview,Micronesia
VEND0584,Montgomery Ltd,South Paul,Mayotte
VEND0585,"Barron, Osborne and Lee",New Jeffreyview,Guadeloupe
VEND0586,"Carroll, Paul and Johnson",Kington,El Salvador
VEND0587,Norton-Wells,Jacksonburgh,Tanzania
VEND0588,"Hurst, Copeland and Stanley",Paulaton,United States Virgin Islands
VEND0589,"Kramer, Park and Scott",Benjaminberg,Tajikistan
VEND0590,Williams-Garrett,Mitchellmouth,France
VEND0591,"Cruz, Myers and Zimmerman",Michelleside,France
VEND0592,Tapia-Williams,Aliciastad,Congo
VEND0593,Valdez-Holland,North Catherinestad,Swaziland
VEND0594,Huynh Inc,East Leah,Albania
VEND0595,Hartman LLC,Saraberg,Guadeloupe
VEND0596,"Miller, Andrews and Jones",Julieshire,Bosnia and Herzegovina
VEND0597,Cruz PLC,North Sandra,Guam
VEND0598,Morgan LLC,Ashleefort,Cote d'Ivoire
VEND0599,Phillips Ltd,Jonesshire,Puerto Rico
VEND0600,Lewis Ltd,North Michaelmouth,Tunisia
VEND0601,Thompson and Sons,East Davidtown,Oman
VEND0602,Obrien-Powers,Lake Jordanville,Swaziland
VEND0603,Farrell LLC,Christianhaven,French Polynesia
VEND0604,Perez-Johnson,Thomastown,Bulgaria
VEND0605,Miller and Sons,Normanfort,Lithuania
VEND0606,Pena LLC,Jonesberg,Thailand
VEND0607,Dougherty-Atkinson,West Emily,Israel
VEND0608,Lane-Haynes,Blackfurt,Sweden
VEND0609,Adams-Taylor,Ryanshire,Romania
VEND0610,Andrade Group,Port Richardside,Somalia
VEND0611,Graham-Oliver,Laurentown,India
VEND0612,"Jones, Cook and Moore",West Michelle,Montenegro
VEND0613,Harris LLC,West Tinaborough,Western Sahara
VEND0614,"Valdez, Hancock and Curry",Port Kathrynburgh,San Marino
VEND0615,Cole Inc,Lake Amandastad,Bahamas
VEND0616,"Warner, Lewis and Williams",New Emily,Qatar
VEND0617,Adams Inc,Lake James,Paraguay
VEND0618,Ray-Martin,North Michaelberg,Lao People's Democratic Republic
VEND0619,Carr Ltd,Samanthachester,Cape Verde
VEND0620,Smith LLC,Michaelshire,Israel
VEND0621,Young Group,Port Gordonstad,Reunion
VEND0622,"Ali, Walls and Wright",North Jessicafurt,Denmark
VEND0623,Mckinney PLC,South Samanthaside,Mayotte
VEND0624,Wong-Mccall,Allenberg,Paraguay
VEND0625,"Williams, Mckenzie and Mueller",Lake Valerie,Solomon Islands
VEND0626,"Johnson, Walker and Evans",Lake Kimberly,Holy See (Vatican City State)
VEND0627,White-Stewart,Alexanderport,Northern Mariana Islands
VEND0628,Leonard Ltd,East Sarahview,Guinea-Bissau
VEND0629,"Allen, Wise and Doyle",Gloriamouth,Mali
VEND0630,Mitchell-Foley,Stewarttown,Sudan
VEND0631,Choi Ltd,Katieton,Senegal
VEND0632,"Peterson, King and Miranda",East Adam,Senegal
VEND0633,"Johnson, Phillips and Sellers",Port Robert,Mozambique
VEND0634,Young PLC,North Kristen,Croatia
VEND0635,Morgan Group,Lake Joseph,British Indian Ocean Territory (Chagos Archipelago)
VEND0636,Brewer Group,Aliciafurt,Ukraine
VEND0637,"Holden, Scott and Porter",Brentfort,Falkland Islands (Malvinas)
VEND0638,Sutton LLC,New Drewberg,Saint Barthelemy
VEND0639,Johnston-Martinez,Scottborough,Guadeloupe
VEND0640,Wilson-Chan,South Kyle,Saudi Arabia
VEND0641,"Richards, Bullock and Carney",South Williamland,Faroe Islands
VEND0642,"Garrett, White and Young",Sarahville,Antarctica (the territory South of 60 deg S)
VEND0643,"Swanson, Mathis and Mann",Danielfurt,Bulgaria
VEND0644,Osborne Ltd,Randolphshire,Morocco
VEND0645,"Reyes, Klein and Mcdonald",Strongfurt,Tunisia
VEND0646,Garrison and Sons,North Alex,India
VEND0647,Anderson-Arnold,Carterfurt,Uruguay
VEND0648,Thompson-Stevens,South Hailey,Netherlands Antilles
VEND0649,Watkins Ltd,North Michellemouth,Suriname
VEND0650,Guzman-Lozano,Port James,American Samoa
VEND0651,Ho-Barajas,Kellyside,Vietnam
VEND0652,Anderson-Tyler,Wrightville,Swaziland
VEND0653,Roberts-Willis,Nelsonfort,Guinea
VEND0654,"Hancock, Hodges and Allen",Claytonburgh,Tokelau
VEND0655,"Washington, Williams and Miller",Matthewshire,Vietnam
VEND0656,Barker-Harris,East Jenna,Guatemala
VEND0657,Carr and Sons,South Stephen,Belgium
VEND0658,Johnson Ltd,West Stephenfort,Hong Kong
VEND0659,Reid Group,Williamsview,United States Minor Outlying Islands
VEND0660,Vasquez-Gomez,North Adam,Pitcairn Islands
VEND0661,Clark Group,Johnsonbury,Armenia
VEND0662,"Adams, Henry and Montgomery",West Sharon,Turkmenistan
VEND0663,"Love, Wells and Davidson",Sandersfurt,South Africa
VEND0664,West Inc,Shelbyton,Chad
VEND0665,Lloyd LLC,Port Christinahaven,Colombia
VEND0666,Lopez-Carrillo,Francishaven,Belarus
VEND0667,Graves PLC,North Ericaland,Iraq
VEND0668,"Ruiz, Case and Cruz",North Stephanieborough,Armenia
VEND0669,Martin-Owens,Markfurt,Slovenia
VEND0670,Graham-Santiago,East Jillville,Eritrea
VEND0671,Rivera-Jones,New David,Maldives
VEND0672,Thompson-Hicks,Port Alexander,Burundi
VEND0673,"Ortiz, White and Hunt",North Victoria,Luxembourg
VEND0674,Clay-Barron,Rodriguezton,Iraq
VEND0675,Hall-Lynch,Sullivanland,Hungary
VEND0676,Williams Group,South Ricardostad,Pakistan
VEND0677,Johnson-Pena,Port Stacy,Indonesia
VEND0678,"Lee, Greene and Jones",South Brittneystad,Saint Lucia
VEND0679,Rojas-Reed,South Williamborough,Micronesia
VEND0680,"Martin, Calhoun and Becker",South Marissa,Hungary
VEND0681,"Bauer, Chen and Watkins",North Karenhaven,Panama
VEND0682,Ford-Johnson,Port Sandraport,Central African Republic
VEND0683,"Berry, Ross and Alexander",Jacobsonburgh,Argentina
VEND0684,Moore Inc,Walkerhaven,Oman
VEND0685,Duke-Trevino,Millermouth,Barbados
VEND0686,Sanford-Walters,North Troy,French Southern Territories
VEND0687,"Schwartz, Burnett and Martinez",Ruizview,Anguilla
VEND0688,Thomas-Ayala,Melissamouth,Turkmenistan
VEND0689,Rice Group,Port Josephstad,China
VEND0690,Lee-Flores,Sarahview,French Guiana
VEND0691,"Cole, Li and Moyer",East Aprilview,Saint Lucia
VEND0692,Pratt-Allen,East Jaredberg,San Marino
VEND0693,Clayton-Cunningham,Mooreborough,Ecuador
VEND0694,Patterson-Robinson,New Erinmouth,Hong Kong
VEND0695,Smith and Sons,West Jenniferburgh,South Africa
VEND0696,Cannon-Lee,New Kevinchester,Ukraine
VEND0697,Brown-Perez,Jasminehaven,Reunion
VEND0698,Pruitt-Sanchez,Port Rachelfort,Saint Lucia
VEND0699,"Ramirez, Gonzalez and Fisher",South Amandaburgh,French Southern Territories
VEND0700,Salinas-Garcia,Alexanderside,Romania
VEND0701,"Higgins, Davis and Anderson",Alexisland,Falkland Islands (Malvinas)
VEND0702,Schneider-Reeves,Haleyhaven,Ireland
VEND0703,"Weaver, Gilbert and Jones",Katieport,United States Virgin Islands
VEND0704,Dudley Ltd,Hernandezbury,Anguilla
VEND0705,Lowe-Fowler,Kristenland,Saint Martin
VEND0706,"Dominguez, Le and Vazquez",North Brandonside,Romania
VEND0707,Pugh Ltd,Lake Melody,Slovakia (Slovak Republic)
VEND0708,"Porter, Barron and Schmidt",Thomasbury,Oman
VEND0709,Chapman PLC,Joshuaville,Mayotte
VEND0710,Ward and Sons,Marcusmouth,Cameroon
VEND0711,"Rodriguez, Haynes and Bradford",New Matthewview,Ireland
VEND0712,"Morrison, Barton and Daugherty",Campbellland,Sri Lanka
VEND0713,"Andersen, Smith and Holloway",New Dana,Uzbekistan
VEND0714,Rojas PLC,Collinsville,Tunisia
VEND0715,Nash-Walker,Julieton,Togo
VEND0716,Lambert Ltd,West Juliaburgh,Mongolia
VEND0717,Johnson and Sons,Port Brandon,Jamaica
VEND0718,Rivera Inc,Steventown,Algeria
VEND0719,Hayes Inc,Mitchellfurt,Andorra
VEND0720,Gomez Inc,Port Davidburgh,Kazakhstan
VEND0721,Harris-Shepard,Mendezmouth,Guam
VEND0722,Hernandez PLC,West Karenville,Kazakhstan
VEND0723,"Short, Silva and Mitchell",East Barryfort,Albania
VEND0724,Elliott Ltd,East Michaelhaven,Bolivia
VEND0725,Carlson-Miller,Wrightmouth,Netherlands
VEND0726,Ellis Ltd,South Jessicashire,Luxembourg
VEND0727,Harris-Perez,Harrisfurt,Seychelles
VEND0728,Perry-Brown,Port Shelbyborough,Somalia
VEND0729,Collins-Morales,Ryanburgh,Rwanda
VEND0730,Jennings PLC,Port Kevin,Denmark
VEND0731,"Edwards, Kelly and Smith",South Charles,Finland
VEND0732,Brewer-Johnson,New Teresaborough,Cote d'Ivoire
VEND0733,"Young, Jones and Burton",South Nathanton,Haiti
VEND0734,"Brown, Archer and Walker",Allisonview,Ireland
VEND0735,"Gutierrez, Martinez and Fuentes",North Jeffery,Norway
VEND0736,Chen Ltd,Port Lauraland,Tonga
VEND0737,Ray-Long,Lake Markfort,Montserrat
VEND0738,Miller and Sons,South Gregory,Nigeria
VEND0739,"Flores, Johnson and Anderson",Davidstad,Martinique
VEND0740,Rivas-Zuniga,East Phillip,Tokelau
VEND0741,Schmitt Group,North Sandra,British Indian Ocean Territory (Chagos Archipelago)
VEND0742,Alexander PLC,East Paulville,China
VEND0743,Nichols LLC,Justinport,Japan
VEND0744,"Casey, Lewis and Thomas",Williamsborough,Denmark
VEND0745,Walsh-Williams,West Alicia,Aruba
VEND0746,Osborne-Serrano,New Danielville,Belgium
VEND0747,Gonzalez Ltd,New David,Singapore
VEND0748,Gordon and Sons,Port Abigailfort,Swaziland
VEND0749,"Marquez, Williams and Gregory",West Amber,Chad
VEND0750,"Cunningham, Johnson and Nicholson",New Charleston,American Samoa
VEND0751,Bates-Harrington,Ortizmouth,Uruguay
VEND0752,Brown-Walter,Smithfort,Cyprus
VEND0753,Sanchez-Perry,Emilymouth,United Arab Emirates
VEND0754,Combs Group,Johnsonchester,British Indian Ocean Territory (Chagos Archipelago)
VEND0755,Richards-Flynn,Galvanview,Guatemala
VEND0756,David PLC,West Danny,Bangladesh
VEND0757,"Turner, Miles and Hickman",Port Jasmine,Malta
VEND0758,Campbell Group,Lake Sheilaview,Kazakhstan
VEND0759,Hunter-Lee,Scottstad,Korea
VEND0760,"Baldwin, Garcia and King",West Oliviamouth,Sudan
VEND0761,"Conner, Lopez and Burke",Matthewsbury,Central African Republic
VEND0762,Becker Inc,Burtonville,Greece
VEND0763,Adams-Anderson,New Jeffrey,Canada
VEND0764,"Martinez, Hernandez and Rodriguez",Port Keithstad,Norfolk Island
VEND0765,Chang LLC,New Bradley,Mali
VEND0766,Johnson Inc,Dennisshire,Central African Republic
VEND0767,Myers-Huerta,Fernandezview,Pitcairn Islands
VEND0768,"Johnson, Allen and Smith",North Michaelport,Austria
VEND0769,Cooper-Perry,New Karenhaven,Mexico
VEND0770,Harvey-Lowe,North Allisonmouth,Belize
VEND0771,"Hall, Knox and Mueller",Port Jennifer,Germany
VEND0772,Ramirez LLC,Baileybury,Iran
VEND0773,Johnson-Pierce,South Justinport,Saint Lucia
VEND0774,Wright PLC,Ginaside,Papua New Guinea
VEND0775,Fuller-Molina,South Marco,Turks and Caicos Islands
VEND0776,"Lee, Wilson and Pittman",Raymondbury,Zambia
VEND0777,"Tate, Martin and Cardenas",West Ashleyborough,Micronesia
VEND0778,Odom LLC,Allenstad,Sudan
VEND0779,Wise Inc,Susanmouth,Saint Kitts and Nevis
VEND0780,Peterson-Larson,West Angela,Syrian Arab Republic
VEND0781,"Foster, Lowe and Graves",Tannershire,Greenland
VEND0782,Mills and Sons,South Susan,Syrian Arab Republic
VEND0783,Glass Group,Jayfurt,Somalia
VEND0784,Walters Group,North Andrewstad,Mongolia
VEND0785,Wood-Robinson,Marcusberg,Ghana
VEND0786,"Harrington, Patterson and Herrera",Garrettview,Georgia
VEND0787,Zimmerman-Ball,Lake Thomasmouth,Estonia
VEND0788,Kelley-Ortiz,Port Kathleenberg,Anguilla
VEND0789,Rodriguez-Jones,Sheilaton,Faroe Islands
VEND0790,Logan PLC,East Tracymouth,Bulgaria
VEND0791,Tate-Bauer,North Nicole,Finland
VEND0792,"Hurley, Peterson and Glass",Kevinburgh,Spain
VEND0793,Keller and Sons,Wilsonshire,Canada
VEND0794,"Bender, Donaldson and Hunter",North Thomas,Panama
VEND0795,"Wood, Robinson and Howell",Boydmouth,Iceland
VEND0796,"Olsen, Delgado and Perry",Garciaville,Saint Helena
VEND0797,Brown and Sons,Bushview,Netherlands Antilles
VEND0798,"Rodriguez, Fitzgerald and Pace",South Dennis,Syrian Arab Republic
VEND0799,Owen Ltd,West Jefferyview,Nigeria
VEND0800,Wong Group,New Scott,Madagascar
VEND0801,"Rodriguez, Johnson and Brooks",East Emilyport,Morocco
VEND0802,"Randolph, Crawford and Edwards",Melissaport,Denmark
VEND0803,Church Inc,Eatonside,Bouvet Island (Bouvetoya)
VEND0804,Mason-Johnston,Harringtonborough,Brunei Darussalam
VEND0805,Ward Inc,New Joseborough,Luxembourg
VEND0806,"Hawkins, Sanders and Lynn",South Loritown,Antarctica (the territory South of 60 deg S)
VEND0807,Sanford and Sons,New Laurie,Monaco
VEND0808,Carter LLC,Cabrerafort,Portugal
VEND0809,"Lawson, Rivera and Moore",Simmonsshire,Angola
VEND0810,Knapp LLC,Josephshire,Saint Helena
VEND0811,"Johnston, Martinez and Bond",Rodriguezville,Slovenia
VEND0812,"Brewer, Fisher and Reyes",South Kathleenview,Guam
VEND0813,Harrison-Green,Whitefort,Korea
VEND0814,"Miller, Thomas and Brown",Andreatown,Netherlands Antilles
VEND0815,"Campbell, Cox and Wright",Marissamouth,Croatia
VEND0816,King and Sons,Elizabethberg,Uganda
VEND0817,Mack PLC,East Lisaport,Christmas Island
VEND0818,Moore-Gilbert,Michealfurt,Cape Verde
VEND0819,Lozano-Ortiz,Pattonside,Russian Federation
VEND0820,"Tanner, Arnold and Brooks",Reneestad,Azerbaijan
VEND0821,"Bowman, Maynard and Johnson",Danielleland,Solomon Islands
VEND0822,"Willis, Warner and Herman",Williamsland,Russian Federation
VEND0823,White-Perry,Port Daniel,Kyrgyz Republic
VEND0824,Robinson and Sons,East Jayside,British Indian Ocean Territory (Chagos Archipelago)
VEND0825,Harvey and Sons,South Evelyn,Ghana
VEND0826,Patterson-Kelley,Loriland,Myanmar
VEND0827,Davis LLC,New Angela,Peru
VEND0828,Carey PLC,Danielmouth,Heard Island and McDonald Islands
VEND0829,Ward Ltd,South Justin,Ireland
VEND0830,Mejia Group,Josephhaven,Italy
VEND0831,"Ponce, Johnson and Smith",Christineport,Denmark
VEND0832,"Robinson, Fox and Sanchez",Vanessamouth,Kenya
VEND0833,Vang-Kaiser,Port Jonathan,French Southern Territories
VEND0834,Hernandez-Smith,New Beverlyland,Congo
VEND0835,Powell and Sons,Chenside,Austria
VEND0836,Gonzalez and Sons,Debraborough,Bolivia
VEND0837,Kidd and Sons,Fieldsmouth,Saint Lucia
VEND0838,Marshall Group,Johnsonstad,Russian Federation
VEND0839,Barron Ltd,Gordonside,Togo
VEND0840,Ward PLC,New Bryanhaven,Palestinian Territory
VEND0841,"Ferguson, Huffman and Dougherty",New Cody,Guyana
VEND0842,"Reyes, Smith and Huerta",Hamptonton,Serbia
VEND0843,"Peterson, Arnold and Spencer",Allisonton,Lao People's Democratic Republic
VEND0844,"Reynolds, Collins and Phillips",Sabrinaland,Ghana
VEND0845,Green Ltd,West Michael,Lebanon
VEND0846,"Wilson, Newman and Coleman",Kruegerton,Mauritius
VEND0847,Hill and Sons,Brandifort,Papua New Guinea
VEND0848,"White, Nichols and Fuller",West Kelly,Thailand
VEND0849,Anderson-Young,Aprilfort,Liberia
VEND0850,Henderson-Hartman,South Christophershire,Senegal
VEND0851,Clark-May,Nicolefurt,Iraq
VEND0852,Vasquez LLC,Virginialand,Solomon Islands
VEND0853,"Vargas, Hoover and Garcia",New Williamshire,Burkina Faso
VEND0854,Nelson Ltd,Lake Johnnyburgh,Honduras
VEND0855,Allen Ltd,South Katherineburgh,Turkey
VEND0856,Escobar LLC,West Lori,Georgia
VEND0857,Coleman PLC,Khanberg,Egypt
VEND0858,"Craig, Meza and Mccoy",Marymouth,Uzbekistan
VEND0859,"Craig, Howard and Schultz",Port Michael,Falkland Islands (Malvinas)
VEND0860,Kim-Cooper,Housefurt,Korea
VEND0861,Mccarthy LLC,Kimberlyport,Rwanda
VEND0862,"Bailey, Lambert and Curtis",East Sarah,Fiji
VEND0863,"Walker, Kramer and Thomas",Lake Johnmouth,United Arab Emirates
VEND0864,Cross-Callahan,Jessicaburgh,Kuwait
VEND0865,Jones-Moyer,East Gloria,Wallis and Futuna
VEND0866,Mckay and Sons,Christopherberg,Saint Helena
VEND0867,"Thomas, Harris and Sanchez",Ryanborough,Qatar
VEND0868,Campos-Johnson,Keithchester,Bosnia and Herzegovina
VEND0869,Hendricks-Fisher,Lake Heather,Grenada
VEND0870,Bright and Sons,West Jeffrey,Nicaragua
VEND0871,"Hill, Vargas and Anderson",East Jennifer,Christmas Island
VEND0872,Mills Group,West Laurenchester,American Samoa
VEND0873,Bryant Ltd,Lake Kevin,Australia
VEND0874,Dixon-Phillips,Gregorymouth,Mexico
VEND0875,Williams Group,West Christopherberg,Yemen
VEND0876,Bell-Graham,East Stephen,Gambia
VEND0877,Kaufman and Sons,East Barbara,Netherlands
VEND0878,Jackson Group,South Steven,Solomon Islands
VEND0879,Torres LLC,Port Cassandra,Bouvet Island (Bouvetoya)
VEND0880,"Jones, Rush and Gutierrez",South Valerie,French Guiana
VEND0881,Fitzpatrick PLC,Jeffreymouth,British Indian Ocean Territory (Chagos Archipelago)
VEND0882,Moore PLC,Joshuamouth,Wallis and Futuna
VEND0883,Larsen-Harrison,South Jessicafort,Ukraine
VEND0884,Giles-Gilbert,West Jeremy,Saint Martin
VEND0885,Henry-Lopez,North Dean,Saint Kitts and Nevis
VEND0886,Horne LLC,North Albert,Palau
VEND0887,"Preston, Smith and Smith",Thompsonfurt,Suriname
VEND0888,Barnes LLC,Lucasside,Uganda
VEND0889,Foster-Wise,Powellmouth,Saint Martin
VEND0890,"Lee, Hernandez and Moss",Port Diana,Chile
VEND0891,Welch and Sons,West Susan,Mozambique
VEND0892,Cruz-Richardson,Lake Tylerberg,Liberia
VEND0893,"Patrick, Koch and Brown",Port Maryland,Somalia
VEND0894,Rios PLC,Kathrynfort,Ecuador
VEND0895,Nguyen Ltd,Nicholehaven,Kuwait
VEND0896,Carr-Williams,West Douglas,Trinidad and Tobago
VEND0897,Rogers Inc,Lake Williamchester,Costa Rica
VEND0898,Williams-Scott,Williamsstad,Ukraine
VEND0899,Martinez Ltd,Joshuaborough,Ecuador
VEND0900,"Padilla, Ferguson and Fox",Fowlerport,Guatemala
VEND0901,Williams-Decker,Cooperton,United Kingdom
VEND0902,Terry Inc,Brandonbury,Cocos (Keeling) Islands
VEND0903,Jones-Richards,Port Emilyfurt,Isle of Man
VEND0904,"Rodriguez, Hensley and Salazar",Stevensmouth,Mongolia
VEND0905,Kennedy Inc,Weissmouth,Uruguay
VEND0906,"Martin, Wood and Strickland",Woodburgh,San Marino
VEND0907,"Munoz, Paul and Gutierrez",East Leroy,Gambia
VEND0908,Chung-Armstrong,Singhview,Fiji
VEND0909,"Chambers, Fisher and Davis",Port Michelleshire,Saint Helena
VEND0910,Williams Inc,Dodsonbury,Bulgaria
VEND0911,Lamb Group,East Rachel,Dominica
VEND0912,Martin and Sons,East John,Belgium
VEND0913,Brown Group,Port Carlosshire,Croatia
VEND0914,Mason Ltd,Lake Williamville,New Caledonia
VEND0915,"Harvey, Simmons and Wells",Kellyland,Timor-Leste
VEND0916,"Patterson, Lopez and George",Port Bruce,Taiwan
VEND0917,Hall-Murphy,Michaelfurt,Cyprus
VEND0918,Hubbard Inc,Martinezshire,French Guiana
VEND0919,"Thomas, Mann and Ramirez",North Noah,Saint Lucia
VEND0920,"Castro, Ford and Williams",Port Matthew,Italy
VEND0921,"Fuentes, Meyer and Fernandez",Hernandezville,Latvia
VEND0922,Wang Group,Lake Nicole,Fiji
VEND0923,Velez PLC,Port Timothyville,Benin
VEND0924,"Robinson, Hensley and Mclaughlin",South Jo,Turkmenistan
VEND0925,"Haney, Kemp and Beard",Port Justinfort,Thailand
VEND0926,"Chavez, Wilson and Dominguez",Margarethaven,Ghana
VEND0927,Gonzales PLC,Christopherchester,Jordan
VEND0928,York LLC,East Judith,Netherlands
VEND0929,Sanchez Inc,Brandtside,Tokelau
VEND0930,Welch Group,North Rogerburgh,El Salvador
VEND0931,"Campbell, Glass and Jones",Keithburgh,Syrian Arab Republic
VEND0932,Scott-Fowler,New David,Saint Helena
VEND0933,Pena-James,Brianhaven,United Kingdom
VEND0934,Mccullough-Oconnor,Alexismouth,Georgia
VEND0935,Jones Group,Amyberg,Antarctica (the territory South of 60 deg S)
VEND0936,Davenport-Mitchell,New Kellymouth,Finland
VEND0937,Delgado-Johnson,Jonesberg,Guinea
VEND0938,Hughes-Mitchell,West Charles,Sweden
VEND0939,Andrade Inc,Justinhaven,Solomon Islands
VEND0940,Rowe-Navarro,Port James,Moldova
VEND0941,Woods-Patton,South Ashleyhaven,Christmas Island
VEND0942,"Phelps, Glover and Williams",North Brentbury,Nigeria
VEND0943,Estrada Group,West Valerie,Ghana
VEND0944,"Moody, Dean and Mccoy",North Ashley,Namibia
VEND0945,"Woods, Freeman and Wheeler",Wesleyberg,Saudi Arabia
VEND0946,"Davis, Wilson and Bray",West Anthony,Saint Lucia
VEND0947,Smith-Lara,New Cindy,Guinea
VEND0948,Valdez-Adams,Kellyhaven,Tonga
VEND0949,Bell PLC,North Leslie,Yemen
VEND0950,Foster-Shepherd,Stephanieville,Malaysia
VEND0951,Brown-Turner,West Benjaminview,Palau
VEND0952,Johnson Group,Mitchellshire,Aruba
VEND0953,Johnson PLC,Grimesport,Suriname
VEND0954,"Carson, Gould and Kelly",East Richard,Sierra Leone
VEND0955,Reed-Richards,New Sarah,French Guiana
VEND0956,Olsen Ltd,Robertmouth,Palau
VEND0957,Rush-Brewer,Lake Daniel,Serbia
VEND0958,Welch-Jennings,West Michael,Western Sahara
VEND0959,Simpson-Ellis,Jacobborough,Nauru
VEND0960,"Jones, Knight and Smith",New Patricia,Yemen
VEND0961,"Barry, Murray and Wilkerson",South Ambershire,Haiti
VEND0962,Kim-Robinson,Laurenmouth,French Polynesia
VEND0963,"Chavez, Myers and Smith",North Derekfurt,Sweden
VEND0964,Weber Ltd,Clayhaven,United States Virgin Islands
VEND0965,Potter Group,West Karen,Portugal
VEND0966,"Holt, Fletcher and Garza",South Jefferyview,Swaziland
VEND0967,"Johns, Scott and Dickerson",Billyborough,Barbados
VEND0968,"Bryan, Flowers and Fleming",New Margarethaven,Singapore
VEND0969,Brown-Green,Paulastad,Fiji
VEND0970,Martin and Sons,Port Williamside,Saint Vincent and the Grenadines
VEND0971,"Ford, Lynch and Lewis",North Shelly,Lithuania
VEND0972,Greene PLC,Rosefort,Costa Rica
VEND0973,"Powell, Rodriguez and Swanson",South Hannah,China
VEND0974,Perez Inc,East Shane,Iceland
VEND0975,Haney-Jones,Griffinland,Djibouti
VEND0976,Taylor Inc,Sherryton,Ecuador
VEND0977,Miles and Sons,Kristinabury,Paraguay
VEND0978,Black PLC,Burnsbury,Malaysia
VEND0979,"Smith, Lucero and Davis",Wilsonbury,Tanzania
VEND0980,"Evans, Faulkner and Patterson",New Markton,Greece
VEND0981,Ortega PLC,Port Melanieville,Tokelau
VEND0982,Hopkins-Wolf,West Veronicaview,Nauru
VEND0983,Mccarthy PLC,Sarahstad,Suriname
VEND0984,Porter-Jones,Parkerbury,Guam
VEND0985,Griffin and Sons,Margaretstad,Cote d'Ivoire
VEND0986,Norris PLC,Kirstenfort,Benin
VEND0987,Walker-Pierce,Gabrielhaven,Iran
VEND0988,Hammond Ltd,Robertbury,Bahrain
VEND0989,Sheppard-Manning,Nicholeland,Lesotho
VEND0990,Holt-Higgins,Meyersside,Colombia
VEND0991,Ballard-Torres,Deborahburgh,Lao People's Democratic Republic
VEND0992,Henson Group,New Kristyhaven,Malawi
VEND0993,Nelson LLC,Maxberg,Guatemala
VEND0994,"Barrett, Russo and Jordan",Lake Ericaland,French Polynesia
VEND0995,Abbott-Decker,North Joan,Central African Republic
VEND0996,"Juarez, Martin and Avery",Hartmanton,Vanuatu
VEND0997,Landry-Maldonado,New Jamesborough,Yemen
VEND0998,Lynch-Williams,New Lisa,Paraguay
VEND0999,Dunn-Maynard,Diazfort,Iceland
